-- phpMyAdmin SQL Dump
-- version 4.8.1
-- https://www.phpmyadmin.net/
--
-- Host: 127.0.0.1
-- Generation Time: Aug 15, 2018 at 11:23 PM
-- Server version: 10.1.33-MariaDB
-- PHP Version: 7.2.6

SET SQL_MODE = "NO_AUTO_VALUE_ON_ZERO";
SET AUTOCOMMIT = 0;
START TRANSACTION;
SET time_zone = "+00:00";


/*!40101 SET @OLD_CHARACTER_SET_CLIENT=@@CHARACTER_SET_CLIENT */;
/*!40101 SET @OLD_CHARACTER_SET_RESULTS=@@CHARACTER_SET_RESULTS */;
/*!40101 SET @OLD_COLLATION_CONNECTION=@@COLLATION_CONNECTION */;
/*!40101 SET NAMES utf8mb4 */;

--
-- Database: `test`
--

-- --------------------------------------------------------

--
-- Table structure for table `contact`
--

CREATE TABLE `contact` (
  `name` text CHARACTER SET utf8 NOT NULL,
  `email` text CHARACTER SET utf8 NOT NULL,
  `subject` text CHARACTER SET utf8 NOT NULL,
  `message` text CHARACTER SET utf8 NOT NULL,
  `date` datetime NOT NULL DEFAULT CURRENT_TIMESTAMP
) ENGINE=InnoDB DEFAULT CHARSET=latin1;

--
-- Dumping data for table `contact`
--

INSERT INTO `contact` (`name`, `email`, `subject`, `message`, `date`) VALUES
('Search about block chain', 'yuan.youn.kan@gmail.com', 'tttttttttttttttttttt', 'yyyyyyyyyyyyyyyyyyyyyyyyy', '2018-08-15 04:11:45'),
('Search about block chain', 'yuan.youn.kan@gmail.com', 'tttttttttttttttttttt', 'yyyyyyyyyyyyyyyyyyyyyyyyy', '2018-08-15 04:15:51'),
('Search about block chain', 'yuan.youn.kan@gmail.com', 'tttttttttttttttttttt', 'jjjjjjjjjjjjjjj', '2018-08-15 20:10:54');

-- --------------------------------------------------------

--
-- Table structure for table `content`
--

CREATE TABLE `content` (
  `content_id` int(10) NOT NULL,
  `section` varchar(50) NOT NULL,
  `show_id` int(10) NOT NULL,
  `content_pic` varchar(50) NOT NULL,
  `content_TH` varchar(1000) NOT NULL,
  `content_EN` varchar(1000) NOT NULL,
  `title_TH` varchar(1000) NOT NULL,
  `title_EN` varchar(1000) NOT NULL,
  `view_all` int(100) NOT NULL,
  `view_month` int(100) NOT NULL,
  `view_week` int(100) NOT NULL,
  `view_day` int(100) NOT NULL,
  `content_date` datetime NOT NULL DEFAULT CURRENT_TIMESTAMP
) ENGINE=InnoDB DEFAULT CHARSET=utf8;

--
-- Dumping data for table `content`
--

INSERT INTO `content` (`content_id`, `section`, `show_id`, `content_pic`, `content_TH`, `content_EN`, `title_TH`, `title_EN`, `view_all`, `view_month`, `view_week`, `view_day`, `content_date`) VALUES
(1, 'news', 0, 'newsandpro.jpg', 'promotion 1', 'promotion 1', 'promotion 1', 'promotion 1', 0, 0, 0, 0, '2018-07-02 11:00:00'),
(2, 'news', 1, 'newsandpro2.jpg', 'promotion 2', 'promotion 2', 'promotion 2', 'promotion 2', 0, 0, 0, 0, '2018-07-02 03:46:46'),
(3, 'news', 2, 'newsandpro3.jpg', 'promotion 3', 'promotion 3', 'promotion 3', 'promotion 3', 0, 0, 0, 0, '2018-07-02 03:47:22'),
(4, 'video', 1, 'https://www.youtube.com/watch?v=mjeDbBcUuN0', 'บริษัทแฮปปี้โอมบิวเดอร์บันทึกรายการ \"อยู่สบาย\" ในช่วง \"เปิดบ้าน\" ดำเนินรายการ โดย อาจารย์เอกพงษ์ ตรีตรง เป็นรายการปกณกะเกี่ยวกับการออกแบบตกแต่งภายในและงานออกแบบสถาปัตยกรรม โดยเป็นการนำเสนอเรื่องราวต่างๆ ในแวดวงการออกแบบตกแต่งภายใน และเทคโนโลยี่การตกแต่งที่นำสมัย ออกอากาศสด ทุกวันเสาร์ เวลา 9.30-11.00 น. ทาง Nation Channel โดยมีอาจารย์กฤษณพงศ์ เกียรศักดิ์ บก.นิตยสาร Honey moon Travel เป็นพิธีกร ออกอาการทาง Nation chanel ช่อง TTV1 วันที่23/01/2553', 'video', 'บันทึกรายการเปิดบ้าน', 'video', 0, 0, 0, 0, '2018-07-16 03:13:39'),
(5, 'video', 2, 'https://www.youtube.com/watch?v=4CRWAZZanLg', 'test', 'test', 'test', 'test', 0, 0, 0, 0, '2018-07-16 03:44:03');

-- --------------------------------------------------------

--
-- Table structure for table `del_tem`
--

CREATE TABLE `del_tem` (
  `product_id` varchar(50) NOT NULL
) ENGINE=InnoDB DEFAULT CHARSET=latin1;

--
-- Dumping data for table `del_tem`
--

INSERT INTO `del_tem` (`product_id`) VALUES
('N004'),
('N005'),
('N009'),
('N010'),
('N011'),
('N012'),
('P001'),
('P002'),
('P003'),
('P004'),
('P005'),
('P006'),
('P007'),
('P007M'),
('P008L-MD'),
('P010'),
('P011'),
('P012'),
('P013'),
('P014'),
('P015M'),
('P016'),
('P017'),
('P018'),
('P019'),
('P020'),
('P021'),
('P022'),
('P023'),
('P024'),
('P025'),
('P026'),
('P027'),
('P028'),
('P029'),
('P030'),
('P031'),
('P032'),
('P033'),
('P034'),
('P035'),
('P036'),
('P037M'),
('P038'),
('P039'),
('P040'),
('P041'),
('P042'),
('P043'),
('P044'),
('P045'),
('P046'),
('P047'),
('P048'),
('P050'),
('P051'),
('P052'),
('P053'),
('P054'),
('P055'),
('P056'),
('P057'),
('P059'),
('P060MD'),
('P061'),
('P062'),
('P063'),
('P064'),
('P065'),
('P066'),
('P067'),
('P068'),
('P069'),
('P070'),
('P071'),
('P071M'),
('P072'),
('P072M'),
('P073'),
('P073M'),
('P074'),
('P075'),
('P076'),
('P077'),
('P078M'),
('P079'),
('P079M'),
('P080'),
('P081'),
('P082'),
('P083'),
('P084.1'),
('P084.2'),
('P086'),
('P087'),
('P088'),
('P089'),
('P091'),
('P092'),
('P093'),
('P094'),
('P095'),
('P096'),
('P097'),
('P098'),
('P100'),
('P101'),
('P101M'),
('P104'),
('P105'),
('P106L-MD'),
('P107'),
('P108'),
('P109'),
('P110'),
('P111'),
('P112'),
('P113'),
('P114'),
('P115M'),
('P117'),
('P118'),
('P119'),
('P120'),
('P121'),
('P122'),
('P124'),
('P125'),
('P126'),
('P127'),
('P128'),
('P130'),
('P131'),
('P132'),
('P133'),
('P134'),
('P135'),
('P136'),
('P137M-MD'),
('P138'),
('P139'),
('P140'),
('P141M'),
('P142'),
('P143'),
('P144'),
('P145'),
('P146'),
('P147M'),
('P148M'),
('P149'),
('P150'),
('P151'),
('P152'),
('P153'),
('P154'),
('P155'),
('P156M'),
('P157'),
('P158'),
('P159'),
('P160'),
('P162'),
('P163'),
('P164'),
('P165'),
('P166'),
('P167'),
('P168'),
('P169'),
('P170'),
('P171'),
('P172'),
('P173'),
('P174LL'),
('P176'),
('P177L'),
('P178'),
('P179'),
('P180L-MD'),
('P181'),
('P182'),
('P183'),
('P184'),
('P185'),
('P186'),
('P187'),
('P188'),
('P189'),
('P190'),
('P191'),
('P192'),
('P193L-MD'),
('P194.1LL'),
('P194M'),
('P197'),
('P198'),
('P199'),
('P200M'),
('P201'),
('P202'),
('P203'),
('P204'),
('P205'),
('P206'),
('P207'),
('P208'),
('P209'),
('P210'),
('P211'),
('P212'),
('P213'),
('P214'),
('P215'),
('P216'),
('P217'),
('P218'),
('P219'),
('P220'),
('P221'),
('P222'),
('P223'),
('P224'),
('P225'),
('P226'),
('P227'),
('P228M'),
('P229L'),
('P230L-MD'),
('P231-MD'),
('P232-MD'),
('P233-MD'),
('P234-MD'),
('P235-MD'),
('P236-MD'),
('P238-MD'),
('P239-MD'),
('P240M'),
('P241M-MD'),
('P242M-MD'),
('P243M'),
('P244M'),
('P245M'),
('P246M'),
('P247M-MD'),
('P248M'),
('P249M'),
('P250M'),
('P251-MD'),
('P252-MD'),
('P253-MD'),
('P256-MD'),
('P257-MD'),
('P258-MD'),
('P259-MD'),
('P260-MD'),
('P261.1'),
('P261-MD'),
('P262-MD'),
('P263-MD'),
('P264'),
('P265'),
('P266'),
('P267'),
('P268'),
('P269'),
('P270'),
('P271'),
('P555'),
('P888-MD'),
('P999'),
('P084.1'),
('P084.2'),
('P231.1'),
('P231.2'),
('P252.1'),
('P272-MD'),
('P273-MD'),
('P273.1'),
('P274-MD'),
('P274.1'),
('P275-MD'),
('P275.1'),
('P275.2'),
('P276-MD'),
('P277-MD'),
('P278-MD'),
('P279-MD'),
('P280-MD'),
('P281-MD'),
('P282-MD'),
('P283-MD'),
('P284-MD'),
('P285-MD'),
('P286-MD'),
('P287-MD'),
('P288'),
('P289'),
('P290'),
('P291'),
('P292'),
('P293'),
('P294'),
('P295'),
('P296'),
('P297'),
('P298'),
('P299'),
('P300.1'),
('P300'),
('P301'),
('P302'),
('P303'),
('P304'),
('P305'),
('P306'),
('P307'),
('P308'),
('P309'),
('P310'),
('P311'),
('P312'),
('P313'),
('P314'),
('P315'),
('P317'),
('P316'),
('P318'),
('P319'),
('P320'),
('P321'),
('P322'),
('P323'),
('P324'),
('P325'),
('P237'),
('P254'),
('P255'),
('P326'),
('P327'),
('P328'),
('P329'),
('P345'),
('P346'),
('P348'),
('P349'),
('P350'),
('P351'),
('P352'),
('P353'),
('P354'),
('P355'),
('P356'),
('P313.1'),
('P888.1');

-- --------------------------------------------------------

--
-- Table structure for table `homedetail`
--

CREATE TABLE `homedetail` (
  `product_id` varchar(50) NOT NULL,
  `style` varchar(50) DEFAULT NULL,
  `home_type` varchar(50) NOT NULL,
  `layer` int(11) NOT NULL,
  `land` float NOT NULL,
  `size` float NOT NULL,
  `space` varchar(50) NOT NULL,
  `cost` int(50) NOT NULL,
  `bedroom` int(10) NOT NULL,
  `bathroom` int(10) NOT NULL,
  `kitchen` int(10) NOT NULL,
  `diningroom` int(10) NOT NULL,
  `livingroom` int(10) NOT NULL,
  `storeroom` int(10) NOT NULL,
  `tabernacle` int(10) NOT NULL,
  `balcony` int(10) NOT NULL,
  `housekeeper` int(10) NOT NULL,
  `top_hit` int(10) NOT NULL DEFAULT '0',
  `isNew` int(10) NOT NULL DEFAULT '0'
) ENGINE=InnoDB DEFAULT CHARSET=utf8;

--
-- Dumping data for table `homedetail`
--

INSERT INTO `homedetail` (`product_id`, `style`, `home_type`, `layer`, `land`, `size`, `space`, `cost`, `bedroom`, `bathroom`, `kitchen`, `diningroom`, `livingroom`, `storeroom`, `tabernacle`, `balcony`, `housekeeper`, `top_hit`, `isNew`) VALUES
('AP274-MD', 'Topical ', 'CastinPlace', 2, 163.7, 380, '  ', 5990000, 0, 0, 0, 0, 0, 0, 0, 0, 0, 0, 0),
('AP323', 'Topical ', 'CastinPlace', 2, 98.5, 295, '17.60 x 14.25', 4699000, 0, 0, 0, 0, 0, 0, 0, 0, 0, 0, 0),
('N004', '', 'CastinPlace', 2, 79.85, 257, '15.30 x 12.55', 3750000, 3, 3, 1, 1, 1, 1, 0, 0, 0, 0, 0),
('N005', '', 'CastinPlace', 2, 101.45, 268, '25.30 x 9.85', 4000000, 4, 4, 1, 0, 0, 1, 1, 0, 0, 0, 0),
('N009', '', 'CastinPlace', 2, 95, 423, '16.00 x 15.00', 6300000, 4, 5, 1, 1, 1, 1, 0, 0, 0, 0, 0),
('N010', 'Modern ', 'CastinPlace', 2, 80.43, 302, '15.50 x 12.50', 440000, 3, 4, 1, 1, 1, 1, 0, 0, 0, 0, 0),
('N011', '', 'CastinPlace', 2, 50.7, 179, '9.00 x 11.60', 2780000, 4, 2, 1, 0, 0, 1, 1, 1, 0, 0, 0),
('N012', '', 'CastinPlace', 2, 0, 0, '', 0, 0, 0, 1, 1, 1, 1, 0, 0, 0, 0, 0),
('N018', '', 'CastinPlace', 0, 0, 0, '', 0, 0, 0, 1, 1, 1, 1, 0, 0, 0, 0, 0),
('P001', 'Contemporary ', 'CastinPlace', 2, 55.58, 211, '9.00 x 13.10', 3280000, 4, 3, 1, 1, 1, 1, 0, 0, 0, 0, 0),
('P002', 'Contemporary ', 'CastinPlace', 2, 59.34, 210, '9.80 x 13.20', 3250000, 3, 3, 1, 1, 1, 1, 0, 0, 0, 0, 0),
('P003', 'Contemporary ', 'CastinPlace', 2, 63, 230, '10.00 x 14.00', 3400000, 3, 3, 1, 1, 1, 1, 0, 0, 0, 0, 0),
('P004', 'Classic ', 'CastinPlace', 2, 131.77, 517, '17.00 x 20.10', 8290000, 2, 3, 1, 1, 1, 1, 0, 0, 0, 0, 0),
('P005', 'Contemporary ', 'CastinPlace', 2, 87.75, 374, '14.00 x 15.50', 5800000, 6, 6, 1, 1, 1, 1, 0, 0, 0, 0, 0),
('P006', 'Modern ', 'CastinPlace', 2, 82.87, 509, '15.50 x 12.00', 7690000, 5, 4, 1, 1, 1, 1, 0, 0, 0, 0, 0),
('P007', '', 'CastinPlace', 2, 142.1, 614, '22.50 x 17.45', 9950000, 5, 6, 1, 1, 1, 1, 0, 0, 0, 0, 0),
('P007M', 'Modern ', 'CastinPlace', 2, 74.31, 282, '16.50 x 10.50', 4810000, 4, 4, 1, 1, 0, 0, 0, 0, 1, 0, 0),
('P008', '', 'CastinPlace', 2, 0, 0, '', 0, 0, 0, 1, 1, 1, 1, 0, 0, 0, 0, 0),
('P008L-MD', 'Contemporary ', 'CastinPlace', 2, 52.07, 200, '9.10 x 11.90', 2940000, 4, 2, 1, 0, 0, 1, 1, 1, 0, 0, 0),
('P009LL-MD', 'Contemporary ', 'CastinPlace', 3, 74.37, 402, '13.50 x 13.00', 6380000, 5, 5, 1, 0, 0, 1, 0, 1, 1, 0, 0),
('P010', '', 'CastinPlace', 2, 48.87, 187, '7.50 x 13.00', 2730000, 3, 3, 1, 1, 1, 1, 0, 0, 0, 0, 0),
('P010L', 'Contemporary ', 'CastinPlace', 2, 45.28, 187, '7.25 x 12.10', 2730000, 0, 0, 0, 0, 0, 0, 0, 0, 0, 0, 0),
('P011', '', 'CastinPlace', 2, 101.75, 312, '18.00 x 14.50', 4920000, 5, 4, 1, 1, 1, 1, 0, 0, 0, 0, 0),
('P011L', 'Contemporary ', 'CastinPlace', 2, 93.5, 312, '18.00 x 13.00', 4920000, 0, 0, 0, 0, 0, 0, 0, 0, 0, 0, 0),
('P012', 'Contemporary ', 'CastinPlace', 2, 77.62, 240, '19.00 x 9.50', 3760000, 3, 3, 1, 1, 1, 1, 0, 0, 0, 0, 0),
('P013', 'Contemporary ', 'CastinPlace', 3, 90.69, 340, '7.90 x 22.10', 5320000, 3, 4, 1, 1, 1, 1, 0, 0, 0, 0, 0),
('P014', 'Contemporary ', 'CastinPlace', 2, 30.37, 259, '9.00 x 13.50', 4090000, 4, 2, 1, 1, 1, 1, 0, 0, 0, 0, 0),
('P015', '', 'CastinPlace', 0, 0, 0, '', 0, 0, 0, 0, 0, 0, 0, 0, 0, 0, 0, 0),
('P015M', 'Contemporary ', 'CastinPlace', 2, 48.93, 214, '10.50 x 9.50', 3100000, 3, 2, 1, 1, 1, 1, 0, 0, 0, 0, 0),
('P016', 'Contemporary ', 'CastinPlace', 3, 37.45, 350, '6.00 x 10.98', 5430000, 4, 5, 1, 1, 1, 1, 0, 0, 0, 0, 0),
('P017', 'Contemporary ', 'CastinPlace', 2, 56.87, 257, '9.00 x 13.50', 4050000, 4, 4, 1, 1, 1, 1, 0, 0, 0, 0, 0),
('P018', 'Modern ', 'CastinPlace', 4, 103.2, 549, '15.50 x 13.20', 8650000, 4, 6, 1, 1, 1, 1, 0, 0, 0, 0, 0),
('P019', 'Contemporary ', 'CastinPlace', 2, 61.68, 179, '8.10 x 13.50', 2860000, 3, 3, 1, 1, 1, 1, 0, 0, 0, 0, 0),
('P020', 'Contemporary ', 'CastinPlace', 2, 89.14, 368, '12.90 x 17.10', 5620000, 3, 4, 1, 1, 1, 1, 0, 0, 0, 0, 0),
('P021', '', 'CastinPlace', 3, 51.91, 334, '7.60 x 13.90', 5240000, 6, 5, 1, 1, 1, 1, 0, 0, 0, 0, 0),
('P021L', 'Contemporary ', 'CastinPlace', 3, 47.85, 334, '7.00 x 13.40', 5240000, 0, 0, 0, 0, 0, 0, 0, 0, 0, 0, 0),
('P022', 'Contemporary ', 'CastinPlace', 2, 82, 271, '16.50 x 12.00', 4180000, 3, 3, 1, 1, 1, 1, 0, 0, 0, 0, 0),
('P023', 'Contemporary ', 'CastinPlace', 2, 90, 317, '14.00 x 16.00', 4760000, 4, 5, 1, 1, 1, 1, 0, 0, 0, 0, 0),
('P024', 'Contemporary ', 'CastinPlace', 2, 57.93, 224, '11.70 x 10.76', 3570000, 3, 3, 1, 1, 1, 1, 0, 0, 0, 0, 0),
('P025', 'Contemporary ', 'CastinPlace', 2, 56.88, 257, '9.00 x 13.50', 4060000, 4, 2, 1, 1, 1, 1, 0, 0, 0, 0, 0),
('P026', 'Contemporary ', 'CastinPlace', 2, 110, 409, '18.00 x 16.00', 6210000, 6, 5, 1, 1, 1, 1, 0, 0, 0, 0, 0),
('P027', 'Contemporary ', 'CastinPlace', 2, 82.46, 291, '18.75 x 10.50', 4450000, 4, 4, 1, 1, 1, 1, 0, 0, 0, 0, 0),
('P028', 'Contemporary ', 'CastinPlace', 2, 31.82, 132, '5.50 x 9.40', 2250000, 3, 2, 1, 1, 1, 1, 0, 0, 0, 0, 0),
('P029', 'Contemporary ', 'CastinPlace', 2, 66, 222, '12.50 x 12.00', 3410000, 3, 3, 1, 1, 1, 1, 0, 0, 0, 0, 0),
('P030', 'Contemporary ', 'CastinPlace', 2, 53.52, 170, '10.33 x 10.94', 2740000, 3, 3, 1, 1, 1, 1, 0, 0, 0, 0, 0),
('P031', 'Contemporary ', 'CastinPlace', 2, 63.87, 217, '13.50 x 10.60', 3260000, 3, 3, 1, 1, 1, 1, 0, 0, 0, 0, 0),
('P032', 'Contemporary ', 'CastinPlace', 2, 49.52, 168, '10.10 x 10.05', 2680000, 3, 2, 1, 1, 1, 1, 0, 0, 0, 0, 0),
('P033', 'Contemporary ', 'CastinPlace', 2, 53.65, 210, '7.60 x 14.50', 3140000, 4, 4, 1, 1, 1, 1, 0, 0, 0, 0, 0),
('P034', 'Contemporary ', 'CastinPlace', 2, 31.87, 88, '4.50 x 11.00', 1540000, 2, 2, 1, 1, 1, 1, 0, 0, 0, 0, 0),
('P035', 'Contemporary ', 'CastinPlace', 2, 67.5, 297, '14.00 x 11.00', 4560000, 3, 3, 1, 1, 1, 1, 0, 0, 0, 0, 0),
('P036', 'Classic ', 'CastinPlace', 2, 104.53, 328, '16.70 x 16.20', 7230000, 5, 4, 1, 1, 1, 1, 0, 0, 0, 0, 0),
('P037M', 'Contemporary ', 'CastinPlace', 2, 76.87, 273, '16.50 x 11.00', 4070000, 3, 3, 1, 1, 1, 0, 0, 1, 1, 0, 0),
('P038', 'Contemporary ', 'CastinPlace', 2, 64.35, 265, '11.60 x 12.50', 4080000, 4, 2, 1, 1, 1, 1, 0, 0, 0, 0, 0),
('P039', 'Contemporary ', 'CastinPlace', 2, 49.66, 165, '10.50 x 9.70', 2690000, 4, 2, 1, 1, 1, 1, 0, 0, 0, 0, 0),
('P040', 'Contemporary ', 'CastinPlace', 2, 51.6, 235, '8.00 x 13.2', 3620000, 4, 3, 1, 1, 1, 1, 0, 0, 0, 0, 0),
('P041', 'Topical ', 'CastinPlace', 2, 58.9, 242, '11.20 x 11.50', 3620000, 4, 4, 1, 0, 0, 1, 0, 1, 0, 0, 0),
('P042', 'Contemporary ', 'CastinPlace', 2, 65.19, 233, '10.90 x 13.50', 3500000, 2, 3, 1, 1, 1, 1, 0, 0, 0, 0, 0),
('P043', 'Contemporary ', 'CastinPlace', 2, 75.6, 274, '12.00 x 14.90', 4110000, 3, 4, 1, 1, 1, 1, 0, 0, 0, 0, 0),
('P044', 'Contemporary ', 'CastinPlace', 2, 49.85, 189, '8.70 x 11.70', 2910000, 3, 3, 1, 1, 1, 1, 0, 0, 0, 0, 0),
('P045', 'Contemporary ', 'CastinPlace', 2, 50.69, 192, '9.70 x 10.80', 3030000, 4, 3, 1, 1, 1, 1, 0, 0, 0, 0, 0),
('P046', 'Contemporary ', 'CastinPlace', 2, 57.12, 220, '9.60 x 12.80', 3400000, 3, 2, 1, 1, 1, 1, 0, 0, 0, 0, 0),
('P047', 'Contemporary ', 'CastinPlace', 2, 51.97, 176, '8.60 x 12.50', 2790000, 3, 2, 1, 1, 1, 1, 0, 0, 0, 0, 0),
('P048', 'Contemporary ', 'CastinPlace', 2, 68.75, 278, '8.50 x 18.00', 4330000, 4, 4, 1, 1, 1, 1, 0, 0, 0, 0, 0),
('P049L', 'Contemporary ', 'CastinPlace', 2, 43.87, 237, '9.00 x 9.50', 3220000, 3, 2, 1, 1, 1, 1, 0, 0, 0, 0, 0),
('P050', 'Contemporary ', 'CastinPlace', 2, 49, 221, '12.00 x 12.00', 3300000, 3, 2, 1, 1, 1, 1, 0, 0, 0, 0, 0),
('P051', 'Contemporary ', 'CastinPlace', 2, 52.8, 198, '9.20 x 12.00', 3040000, 4, 4, 1, 1, 1, 1, 0, 0, 0, 0, 0),
('P052', 'Contemporary ', 'CastinPlace', 2, 51.87, 232, '12.60 x 8.50', 3620000, 3, 3, 1, 1, 1, 1, 0, 0, 0, 0, 0),
('P053', 'Contemporary ', 'CastinPlace', 2, 41.25, 176, '9.20 x 8.50', 2840000, 4, 2, 1, 1, 1, 1, 0, 0, 0, 0, 0),
('P054', 'Contemporary ', 'CastinPlace', 2, 49.5, 216, '12.50 x 8.00', 3460000, 3, 3, 1, 1, 1, 1, 0, 0, 0, 0, 0),
('P055', 'Contemporary ', 'CastinPlace', 1, 32.2, 59, '12.10 x 4.00', 1010000, 1, 1, 1, 1, 1, 1, 0, 0, 0, 0, 0),
('P056', 'Contemporary ', 'CastinPlace', 2, 65, 237, '9.00 x 16.00', 3700000, 3, 2, 1, 1, 1, 1, 0, 0, 0, 0, 0),
('P057', 'Contemporary ', 'CastinPlace', 1, 120.17, 189, '20.40 x 15.70', 3380000, 3, 2, 1, 1, 1, 1, 0, 0, 0, 0, 0),
('P058L', 'Contemporary ', 'CastinPlace', 3, 70.35, 353, '10.00 x 16.10', 5500000, 6, 4, 1, 0, 0, 1, 0, 1, 0, 0, 0),
('P059', 'Contemporary ', 'CastinPlace', 2, 58.52, 217, '11.20 x 11.40', 3400000, 3, 3, 1, 1, 1, 1, 0, 0, 0, 0, 0),
('P060LL', '', 'CastinPlace', 2, 83.99, 0, '10.80 x 18.70', 0, 4, 3, 1, 1, 1, 1, 0, 0, 0, 0, 0),
('P060MD', 'Contemporary ', 'CastinPlace', 2, 76.37, 247, '9.00 x 17.50', 3600000, 3, 5, 1, 1, 1, 0, 0, 0, 0, 0, 0),
('P061', 'Contemporary ', 'CastinPlace', 2, 74.7, 225, '12.60 x 12.00', 3540000, 3, 3, 1, 1, 1, 1, 0, 0, 0, 0, 0),
('P062', 'Topical ', 'CastinPlace', 3, 117.87, 623, '19.00 x 16.50', 10500000, 4, 5, 1, 1, 1, 1, 0, 0, 0, 0, 0),
('P063', 'Contemporary ', 'CastinPlace', 2, 56.19, 232, '10.50 x 11.50', 3600000, 3, 3, 1, 1, 1, 1, 0, 0, 0, 0, 0),
('P064', 'Topical ', 'CastinPlace', 1, 65.63, 164, '13.15 x 11.00', 2710000, 2, 2, 1, 1, 1, 1, 0, 0, 0, 0, 0),
('P065', 'Topical ', 'CastinPlace', 3, 94.5, 460, '12.00 x 15.00', 7200000, 5, 5, 1, 1, 1, 1, 0, 0, 0, 0, 0),
('P066', 'Contemporary ', 'CastinPlace', 2, 56.25, 221, '11.00 x 11.00', 3440000, 4, 3, 1, 1, 1, 1, 0, 0, 0, 0, 0),
('P067', 'Contemporary ', 'CastinPlace', 2, 66, 281, '12.00 x 12.00', 4060000, 5, 5, 1, 0, 0, 1, 1, 1, 1, 0, 0),
('P068', 'Contemporary ', 'CastinPlace', 2, 70.07, 265, '14.20 x 11.40', 4120000, 3, 2, 1, 1, 1, 1, 0, 0, 0, 0, 0),
('P069', 'Contemporary ', 'CastinPlace', 2, 55.25, 221, '9.00 x 13.00', 3450000, 3, 2, 1, 1, 1, 1, 0, 0, 0, 0, 0),
('P070', 'Modern ', 'CastinPlace', 4, 46.75, 234, '5.10 x 11.00', 3720000, 4, 3, 1, 1, 1, 1, 0, 0, 0, 0, 0),
('P071', '', 'CastinPlace', 2, 87.5, 315, '6.00 x 31.00', 5230000, 3, 4, 1, 1, 1, 1, 0, 0, 0, 0, 0),
('P071M', 'Modern ', 'CastinPlace', 2, 70, 244, '24.00 x 6.00', 3710000, 3, 3, 1, 1, 1, 1, 0, 0, 0, 0, 0),
('P072', '', 'CastinPlace', 2, 85.5, 448, '15.00 x 14.00', 6850000, 4, 6, 1, 1, 1, 1, 0, 0, 0, 0, 0),
('P072M', 'Contemporary ', 'CastinPlace', 2, 38.43, 307, '15.00 x 10.25', 4860000, 4, 6, 1, 1, 1, 1, 0, 0, 0, 0, 0),
('P073', '', 'CastinPlace', 2, 58, 230, '10.50 x 12.00', 3570000, 4, 3, 1, 1, 1, 1, 0, 0, 0, 0, 0),
('P073M', 'Contemporary ', 'CastinPlace', 2, 58, 234, '10.50 x 12.00', 3420000, 4, 5, 1, 0, 0, 1, 1, 1, 1, 0, 0),
('P074', 'Modern ', 'CastinPlace', 2, 77.43, 300, '15.00 x 12.30', 4640000, 4, 3, 1, 1, 1, 1, 0, 0, 0, 0, 0),
('P075', 'Contemporary ', 'CastinPlace', 2, 73.5, 324, '10.00 x 17.00', 4540000, 4, 3, 1, 1, 1, 1, 0, 0, 0, 0, 0),
('P076', 'Contemporary ', 'CastinPlace', 2, 63.94, 237, '11.50 x 12.50', 4070000, 4, 3, 1, 1, 1, 1, 0, 0, 0, 0, 0),
('P077', 'Contemporary ', 'CastinPlace', 2, 51, 203, '8.00 x 13.00', 3130000, 3, 3, 1, 1, 1, 1, 0, 0, 0, 0, 0),
('P078', '', 'CastinPlace', 2, 0, 0, '', 0, 0, 0, 0, 0, 0, 0, 0, 0, 0, 0, 0),
('P078M', 'Contemporary ', 'CastinPlace', 2, 61.23, 263, '11.60 x 11.70', 3880000, 4, 3, 1, 1, 1, 0, 0, 0, 0, 0, 0),
('P079', '', 'CastinPlace', 2, 69.66, 285, '17.60 x 8.90', 4590000, 2, 3, 1, 1, 1, 1, 0, 0, 0, 0, 0),
('P079M', 'Contemporary ', 'CastinPlace', 2, 53.62, 221, '9.00 x 12.50', 3250000, 2, 2, 1, 1, 1, 0, 0, 0, 0, 0, 0),
('P080', 'Contemporary ', 'CastinPlace', 2, 56.19, 235, '11.50 x 10.50', 3650000, 3, 2, 1, 1, 1, 1, 0, 0, 0, 0, 0),
('P081', 'Contemporary ', 'CastinPlace', 2, 53.63, 238, '12.50 x 9.00', 3730000, 3, 3, 1, 1, 1, 1, 0, 0, 0, 0, 0),
('P082', 'Contemporary ', 'CastinPlace', 2, 56.25, 226, '11.00 x 11.00', 3460000, 3, 3, 1, 1, 1, 1, 0, 0, 0, 0, 0),
('P083', 'Contemporary ', 'CastinPlace', 2, 58.97, 160, '12.10 x 10.65', 2750000, 3, 2, 1, 1, 1, 1, 0, 0, 0, 0, 0),
('P084.1', '', 'CastinPlace', 2, 137.24, 380, '30.31 x 12.00', 5900000, 5, 4, 1, 1, 1, 1, 0, 0, 0, 0, 0),
('P084LL', 'Topical ', 'CastinPlace', 2, 93.72, 325, '19.00 x 12.30', 4990000, 5, 5, 1, 0, 0, 1, 0, 1, 1, 0, 0),
('P085L', 'Contemporary ', 'CastinPlace', 2, 64.4, 213, '12.10 x 12.00', 3130000, 3, 3, 1, 1, 1, 1, 0, 0, 0, 0, 0),
('P086', 'Contemporary ', 'CastinPlace', 2, 76.4, 342, '15.10 x 12.00', 5200000, 3, 3, 1, 1, 1, 1, 0, 0, 0, 0, 0),
('P087', 'Contemporary ', 'CastinPlace', 2, 68.25, 233, '11.60 x 13.50', 3670000, 3, 3, 1, 1, 1, 1, 0, 0, 0, 0, 0),
('P088', 'Contemporary ', 'CastinPlace', 2, 66.85, 236, '15.10 x 10.00', 3540000, 3, 3, 1, 1, 1, 1, 0, 0, 0, 0, 0),
('P089', 'Contemporary ', 'CastinPlace', 2, 58.32, 198, '12.20 x 10.40', 3090000, 5, 2, 1, 1, 1, 1, 0, 0, 0, 0, 0),
('P090L', 'Contemporary ', 'CastinPlace', 2, 54.6, 186, '12.80 x 9.90', 2870000, 4, 3, 1, 1, 1, 1, 0, 0, 0, 0, 0),
('P091', 'Contemporary ', 'CastinPlace', 2, 106.05, 273, '16.20 x 17.00', 4800000, 3, 4, 1, 1, 1, 1, 0, 0, 0, 0, 0),
('P092', 'Contemporary ', 'CastinPlace', 2, 63.6, 228, '11.95 x 11.95', 3540000, 4, 2, 1, 1, 1, 1, 0, 0, 0, 0, 0),
('P093', 'Contemporary ', 'CastinPlace', 1, 67.06, 138, '10.50 x 14.50', 2350000, 3, 2, 1, 1, 1, 1, 0, 0, 0, 0, 0),
('P094', 'Contemporary ', 'CastinPlace', 1, 52, 93, '9.00 x 12.00', 1730000, 2, 1, 1, 1, 1, 1, 0, 0, 0, 0, 0),
('P095', 'Topical ', 'CastinPlace', 2, 127.92, 482, '22.65 x 15.20', 7770000, 3, 3, 1, 1, 1, 1, 0, 0, 0, 0, 0),
('P096', 'Topical ', 'CastinPlace', 2, 74.8, 351, '14.70 x 12.00', 4880000, 3, 3, 1, 0, 0, 1, 0, 1, 1, 0, 0),
('P097', 'Contemporary ', 'CastinPlace', 2, 87.5, 392, '16.00 x 13.50', 6210000, 4, 4, 1, 1, 1, 1, 0, 0, 0, 0, 0),
('P098', 'Contemporary ', 'CastinPlace', 1, 59.06, 147, '13.50 x 9.50', 2720000, 3, 2, 1, 1, 1, 1, 0, 0, 0, 0, 0),
('P099LL', 'Contemporary ', 'CastinPlace', 2, 75.23, 315, '13.00 x 13.70', 5140000, 4, 5, 1, 1, 1, 1, 0, 0, 0, 0, 0),
('P100', 'Contemporary ', 'CastinPlace', 1, 56.58, 102, '10.60 x 11.50', 1840000, 2, 1, 1, 1, 1, 1, 0, 0, 0, 0, 0),
('P101', '', 'CastinPlace', 2, 61.88, 188, '12.50 x 11.00', 3060000, 3, 3, 1, 1, 1, 1, 0, 0, 0, 0, 0),
('P101M', 'Contemporary ', 'CastinPlace', 2, 59.38, 208, '15.00 x 8.50', 3110000, 3, 4, 1, 1, 1, 0, 0, 0, 0, 0, 0),
('P102L', 'Contemporary ', 'CastinPlace', 2, 54.56, 192, '11.70 x 9.90', 2810000, 3, 3, 1, 1, 1, 1, 0, 0, 0, 0, 0),
('P103', 'Contemporary ', 'CastinPlace', 2, 68.8, 233, '12.00 x 13.20', 3660000, 0, 0, 0, 0, 0, 0, 0, 0, 0, 0, 0),
('P104', 'Classic ', 'CastinPlace', 2, 45.87, 179, '20.7 x 7.00', 3030000, 3, 3, 1, 1, 1, 1, 0, 0, 0, 0, 0),
('P105', 'Contemporary ', 'CastinPlace', 2, 56.84, 192, '7.20 x 16.30', 2980000, 3, 3, 1, 1, 1, 1, 0, 0, 0, 0, 0),
('P106L-MD', 'Contemporary ', 'CastinPlace', 2, 54, 205, '8.00 x 14.00', 2990000, 4, 3, 1, 0, 0, 1, 0, 1, 0, 0, 0),
('P107', 'Contemporary ', 'CastinPlace', 1, 59.5, 127, '13.00 x 10.00', 2350000, 3, 2, 1, 1, 1, 1, 0, 0, 0, 0, 0),
('P108', 'Contemporary ', 'CastinPlace', 2, 52.77, 179, '8.20 x 13.30', 2850000, 4, 3, 1, 1, 1, 1, 0, 0, 0, 0, 0),
('P109', 'Contemporary ', 'CastinPlace', 1, 67.2, 156, '12.00 x 12.80', 2790000, 3, 2, 1, 1, 1, 1, 0, 0, 0, 0, 0),
('P110', 'Contemporary ', 'CastinPlace', 1, 70.55, 106, '13.00 x 12.60', 2000000, 2, 1, 1, 1, 1, 1, 0, 0, 0, 0, 0),
('P111', 'Contemporary ', 'CastinPlace', 1, 48.89, 99, '11.90 x 8.30', 1830000, 2, 1, 1, 1, 1, 1, 0, 0, 0, 0, 0),
('P112', 'Contemporary ', 'CastinPlace', 1, 53.43, 95, '10.20 x 11.05', 1800000, 2, 1, 1, 1, 1, 1, 0, 0, 0, 0, 0),
('P113', 'Contemporary ', 'CastinPlace', 1, 62.25, 166, '18.92 x 11.50', 2900000, 3, 2, 1, 1, 1, 1, 0, 0, 0, 0, 0),
('P114', 'Contemporary ', 'CastinPlace', 1, 68.78, 118, '16.50 x 9.42', 2050000, 3, 2, 1, 1, 1, 1, 0, 0, 0, 0, 0),
('P115', '', 'CastinPlace', 2, 0, 0, '', 0, 0, 0, 0, 0, 0, 0, 0, 0, 0, 0, 0),
('P115M', 'Contemporary ', 'CastinPlace', 2, 48.6, 203, '8.00 x 12.20', 3080000, 5, 3, 1, 1, 1, 0, 0, 0, 0, 0, 0),
('P116L', 'Contemporary ', 'CastinPlace', 2, 50.75, 207, '10.00 x 10.50', 3070000, 5, 3, 1, 1, 1, 1, 0, 0, 0, 0, 0),
('P117', 'Contemporary ', 'CastinPlace', 2, 63.8, 289, '13.60 x 10.50', 4410000, 3, 3, 1, 1, 1, 1, 0, 0, 0, 0, 0),
('P118', 'Contemporary ', 'CastinPlace', 1, 85.07, 159, '15.90 x 13.10', 2780000, 3, 2, 1, 1, 1, 1, 0, 0, 0, 0, 0),
('P119', 'Contemporary ', 'CastinPlace', 1, 69.81, 173, '14.25 x 11.30', 2920000, 3, 2, 1, 1, 1, 1, 0, 0, 0, 0, 0),
('P120', 'Contemporary ', 'CastinPlace', 1, 54.8, 110, '12.00 x 9.70', 1970000, 3, 1, 1, 1, 1, 1, 0, 0, 0, 0, 0),
('P121', 'Contemporary ', 'CastinPlace', 1, 41.4, 72, '8.00 x 9.00', 1320000, 1, 1, 1, 1, 1, 1, 0, 0, 0, 0, 0),
('P122', 'Contemporary ', 'CastinPlace', 1, 77.49, 117, '12.80 x 14.45', 2250000, 3, 2, 1, 1, 1, 1, 0, 0, 0, 0, 0),
('P123L', 'Contemporary ', 'CastinPlace', 2, 43.84, 156, '9.70 x 8.80', 2600000, 3, 3, 1, 1, 1, 1, 0, 0, 0, 0, 0),
('P124', 'Contemporary ', 'CastinPlace', 1, 90.45, 157, '16.10 x 14.00', 2750000, 2, 2, 1, 1, 1, 1, 0, 0, 0, 0, 0),
('P125', 'Contemporary ', 'CastinPlace', 2, 65.02, 236, '10.25 x 14.25', 3640000, 5, 3, 1, 1, 1, 1, 0, 0, 0, 0, 0),
('P126', 'Contemporary ', 'CastinPlace', 2, 75.22, 153, '11.35 x 15.6', 2500000, 3, 2, 1, 1, 1, 1, 0, 0, 0, 0, 0),
('P127', 'Contemporary ', 'CastinPlace', 2, 54.58, 232, '7.80 x 14.50', 3480000, 2, 3, 1, 1, 1, 1, 0, 0, 0, 0, 0),
('P128', 'Contemporary ', 'CastinPlace', 2, 73.5, 368, '12.00 x 17.00', 5540000, 4, 3, 1, 1, 1, 1, 0, 0, 0, 0, 0),
('P129', 'Contemporary ', 'CastinPlace', 2, 56.96, 181, '10.70 x 11.50', 2820000, 0, 0, 0, 0, 0, 0, 0, 0, 0, 0, 0),
('P130', 'Contemporary ', 'CastinPlace', 2, 61.53, 164, '12.30 x 11.10', 2580000, 3, 2, 1, 1, 1, 1, 0, 0, 0, 0, 0),
('P131', '', 'CastinPlace', 2, 59.85, 216, '11.00 x 13.10', 3560000, 3, 3, 1, 1, 1, 1, 0, 0, 0, 0, 0),
('P132', '', 'CastinPlace', 2, 53.4, 224, '8.00 x 13.80', 3270000, 4, 3, 1, 1, 1, 1, 0, 0, 0, 0, 0),
('P133', 'Contemporary ', 'CastinPlace', 2, 71.83, 249, '12.90 x 13.00', 3820000, 3, 3, 1, 1, 1, 1, 0, 0, 0, 0, 0),
('P134', 'Contemporary ', 'CastinPlace', 2, 56, 225, '10.00 x 12.00', 3470000, 3, 3, 1, 1, 1, 1, 0, 0, 0, 0, 0),
('P135', 'Contemporary ', 'CastinPlace', 1, 71.88, 144, '11.50 x 14.55', 2520000, 2, 1, 1, 1, 1, 1, 0, 0, 0, 0, 0),
('P136', 'Contemporary ', 'CastinPlace', 2, 61.91, 251, '8.70 x 15.50', 3640000, 4, 2, 1, 1, 1, 1, 0, 0, 0, 0, 0),
('P137M-MD', 'Contemporary ', 'CastinPlace', 2, 53.63, 214, '9.00 x 12.50', 3160000, 3, 2, 1, 1, 1, 0, 0, 0, 0, 0, 0),
('P138', 'Contemporary ', 'CastinPlace', 2, 71.05, 277, '10.00 x 16.30', 4330000, 4, 3, 1, 1, 1, 1, 0, 0, 0, 0, 0),
('P139', 'Contemporary ', 'CastinPlace', 2, 48.88, 131, '9.30 x 10.70', 2140000, 2, 2, 1, 1, 1, 1, 0, 0, 0, 0, 0),
('P140', 'Contemporary ', 'CastinPlace', 2, 40.01, 128, '7.35 x 10.10', 2180000, 3, 2, 1, 1, 1, 1, 0, 0, 0, 0, 0),
('P141M', 'Topical ', 'CastinPlace', 2, 60.9, 237, '10.00 x 13.40', 3540000, 4, 3, 1, 1, 1, 0, 0, 0, 0, 0, 0),
('P142', 'Contemporary ', 'CastinPlace', 2, 68.4, 251, '13.10 x 12.00', 4080000, 4, 4, 1, 1, 1, 1, 0, 0, 0, 0, 0),
('P143', 'Contemporary ', 'CastinPlace', 2, 59.26, 219, '11.70 x 11.10', 3430000, 3, 3, 1, 1, 1, 1, 0, 0, 0, 0, 0),
('P144', 'Contemporary ', 'CastinPlace', 2, 63.82, 205, '9.80 x 14.50', 3180000, 3, 2, 1, 1, 1, 1, 0, 0, 0, 0, 0),
('P145', 'Contemporary ', 'CastinPlace', 2, 55.68, 199, '9.50 x 12.50', 2960000, 3, 3, 1, 1, 1, 1, 0, 0, 0, 0, 0),
('P146', 'Topical ', 'CastinPlace', 2, 63.94, 208, '9.90 x 14.40', 3200000, 3, 3, 1, 1, 1, 1, 0, 0, 0, 0, 0),
('P147M', 'Contemporary ', 'CastinPlace', 2, 66.27, 223, '10.10 x 14.80', 3340000, 3, 4, 1, 1, 1, 1, 0, 0, 0, 0, 0),
('P148M', 'Topical ', 'CastinPlace', 2, 66, 253, '11.00 x 13.60', 3630000, 3, 3, 1, 1, 1, 1, 0, 0, 0, 0, 0),
('P149', 'Contemporary ', 'CastinPlace', 2, 61.75, 242, '9.00 x 15.00', 3690000, 4, 3, 1, 1, 1, 1, 0, 0, 0, 0, 0),
('P150', 'Contemporary ', 'CastinPlace', 2, 95.77, 378, '14.20 x 17.05', 5810000, 5, 4, 1, 1, 1, 1, 0, 0, 0, 0, 0),
('P151', 'Contemporary ', 'CastinPlace', 2, 64.5, 202, '11.00 x 13.20', 3300000, 3, 2, 1, 1, 1, 1, 0, 0, 0, 0, 0),
('P152', 'Contemporary ', 'CastinPlace', 2, 56.43, 199, '9.85 x 12.30', 2950000, 3, 3, 1, 1, 1, 1, 0, 0, 0, 0, 0),
('P153', 'Contemporary ', 'CastinPlace', 2, 39.37, 221, '11.00 x 6.50', 3420000, 3, 5, 1, 1, 1, 1, 0, 0, 0, 0, 0),
('P154', 'Contemporary ', 'CastinPlace', 2, 52.5, 216, '11.00 x 10.00', 3460000, 4, 3, 1, 1, 1, 1, 0, 0, 0, 0, 0),
('P155', 'Contemporary ', 'CastinPlace', 2, 58.18, 234, '9.30 x 13.50', 3520000, 3, 2, 1, 1, 1, 1, 0, 0, 0, 0, 0),
('P156M', 'Contemporary ', 'CastinPlace', 2, 75.56, 236, '11.50 x 15.50', 3480000, 4, 3, 1, 1, 1, 0, 0, 1, 0, 0, 0),
('P157', 'Contemporary ', 'CastinPlace', 2, 87.77, 329, '12.60 x 17.15', 5470000, 3, 4, 1, 1, 1, 1, 0, 0, 0, 0, 0),
('P158', 'Contemporary ', 'CastinPlace', 2, 64.4, 231, '12.10 x 12.00', 3630000, 3, 2, 1, 1, 1, 1, 0, 0, 0, 0, 0),
('P159', 'Contemporary ', 'CastinPlace', 2, 64.4, 275, '12.10 x 12.00', 3720000, 3, 2, 1, 1, 1, 1, 0, 0, 0, 0, 0),
('P160', 'Contemporary ', 'CastinPlace', 2, 75.33, 249, '16.50 x 10.70', 3920000, 3, 3, 1, 1, 1, 1, 0, 0, 0, 0, 0),
('P161', 'Contemporary ', 'CastinPlace', 3, 60, 547, '11.00 x 12.00', 8960000, 4, 3, 1, 1, 1, 1, 0, 0, 0, 0, 0),
('P162', 'Contemporary ', 'CastinPlace', 2, 65.49, 283, '13.70 x 10.80', 4540000, 6, 5, 1, 1, 1, 1, 0, 0, 0, 0, 0),
('P163', 'Contemporary ', 'CastinPlace', 2, 68.91, 291, '14.75 x 10.70', 4450000, 4, 4, 1, 1, 1, 1, 0, 0, 0, 0, 0),
('P164', 'Contemporary ', 'CastinPlace', 2, 62.56, 223, '13.50 x 10.30', 3540000, 3, 3, 1, 1, 1, 1, 0, 0, 0, 0, 0),
('P165', 'Contemporary ', 'CastinPlace', 2, 58.13, 225, '11.50 x 11.00', 3540000, 3, 3, 1, 1, 1, 1, 0, 0, 0, 0, 0),
('P166', 'Contemporary ', 'CastinPlace', 3, 56.86, 384, '9.00 x 13.50', 5870000, 5, 4, 1, 1, 1, 1, 0, 0, 0, 0, 0),
('P167', 'Contemporary ', 'CastinPlace', 2, 60.22, 215, '11.90 x 11.15', 3310000, 3, 3, 1, 1, 1, 1, 0, 0, 0, 0, 0),
('P168', 'Contemporary ', 'CastinPlace', 2, 108.37, 409, '24.90 x 11.00', 6230000, 2, 4, 1, 1, 1, 1, 0, 0, 0, 0, 0),
('P169', 'Contemporary ', 'CastinPlace', 2, 50.38, 250, '9.00 x 11.50', 3980000, 3, 3, 1, 1, 1, 1, 0, 0, 0, 0, 0),
('P170', 'Contemporary ', 'CastinPlace', 2, 77.83, 243, '13.20 x 14.10', 3740000, 3, 4, 1, 1, 1, 1, 0, 0, 0, 0, 0),
('P171', 'Contemporary ', 'CastinPlace', 2, 84.92, 242, '12.10 x 17.10', 3610000, 4, 3, 1, 1, 1, 1, 0, 0, 0, 0, 0),
('P172', 'Contemporary ', 'CastinPlace', 2, 74.18, 288, '17.50 x 11.80', 4330000, 3, 4, 1, 1, 1, 1, 0, 0, 0, 0, 0),
('P173', 'Contemporary ', 'CastinPlace', 2, 52.07, 167, '9.10 x 11.90', 2680000, 3, 3, 1, 1, 1, 1, 0, 0, 0, 0, 0),
('P174LL', 'Contemporary ', 'CastinPlace', 2, 165.38, 527, '20.50 x 23.00', 8300000, 3, 5, 1, 1, 1, 1, 0, 0, 0, 0, 0),
('P175-MD', 'Contemporary ', 'CastinPlace', 2, 65.8, 217, '12.00 x 12.45', 3600000, 4, 3, 1, 1, 1, 1, 0, 0, 0, 0, 0),
('P176', 'Contemporary ', 'CastinPlace', 2, 40.76, 239, '7.90 x 9.70', 3580000, 3, 3, 1, 1, 1, 1, 0, 0, 0, 0, 0),
('P177L', 'Contemporary ', 'CastinPlace', 2, 133.1, 376, '20.20 x 18.00', 5990000, 5, 4, 1, 1, 1, 1, 0, 0, 0, 0, 0),
('P178', 'Classic ', 'CastinPlace', 2, 67.16, 152, '7.50 x 15.90', 2780000, 3, 2, 1, 1, 1, 1, 0, 0, 0, 0, 0),
('P179', 'Contemporary ', 'CastinPlace', 2, 62.77, 247, '12.20 x 11.50', 3800000, 4, 2, 1, 1, 1, 1, 0, 0, 0, 0, 0),
('P180L-MD', 'Contemporary ', 'CastinPlace', 2, 52.88, 196, '11.00 x 10.10', 2920000, 4, 3, 1, 0, 0, 1, 0, 1, 0, 0, 0),
('P181', 'Classic ', 'CastinPlace', 2, 92.63, 384, '15.50 x 15.00', 6300000, 3, 3, 1, 1, 1, 1, 0, 0, 0, 0, 0),
('P182', 'Contemporary ', 'CastinPlace', 2, 73.63, 205, '15.00 x 11.50', 3740000, 3, 3, 1, 1, 1, 1, 0, 0, 0, 0, 0),
('P183', 'Contemporary ', 'CastinPlace', 2, 74, 248, '14.50 x 12.00', 3710000, 3, 3, 1, 1, 1, 1, 0, 0, 0, 0, 0),
('P184', 'Contemporary ', 'CastinPlace', 2, 54.99, 215, '11.60 x 10.10', 3320000, 3, 3, 1, 1, 1, 1, 0, 0, 0, 0, 0),
('P185', 'Contemporary ', 'CastinPlace', 2, 49.6, 185, '12.00 x 8.40', 2840000, 4, 3, 1, 1, 1, 1, 0, 0, 0, 0, 0),
('P186', 'Contemporary ', 'CastinPlace', 2, 296, 1, '33.00 x 28.00', 19500000, 4, 7, 1, 1, 1, 1, 0, 0, 0, 0, 0),
('P187', 'Contemporary ', 'CastinPlace', 2, 53.63, 210, '9.00 x 12.50', 3130000, 3, 2, 1, 1, 1, 1, 0, 0, 0, 0, 0),
('P188', 'Contemporary ', 'CastinPlace', 2, 60.22, 220, '12.50 x 10.60', 3390000, 3, 3, 1, 1, 1, 1, 0, 0, 0, 0, 0),
('P189', 'Contemporary ', 'CastinPlace', 3, 123.75, 505, '16.00 x 16.50', 7600000, 5, 5, 1, 1, 1, 1, 0, 0, 0, 0, 0),
('P190', 'Modern ', 'CastinPlace', 3, 212.8, 888, '20.60 x 26.00', 14130000, 6, 5, 1, 1, 1, 1, 0, 0, 0, 0, 0),
('P191', 'Modern ', 'CastinPlace', 2, 103.12, 341, '12.70 x 20.70', 5130000, 3, 3, 1, 1, 1, 1, 0, 0, 0, 0, 0),
('P192', 'Contemporary ', 'CastinPlace', 2, 66.7, 278, '7.50 x 19.20', 4390000, 3, 5, 1, 1, 1, 1, 0, 0, 0, 0, 0),
('P193L-MD', 'Classic ', 'CastinPlace', 2, 100.63, 405, '19.00 x 13.50', 6270000, 6, 5, 1, 0, 0, 1, 1, 1, 1, 0, 0),
('P194.1LL', '', 'CastinPlace', 2, 61.95, 220, '10.00 x 13.70', 3340000, 3, 3, 1, 1, 1, 1, 0, 0, 0, 0, 0),
('P194.2', '', 'CastinPlace', 2, 125.12, 310, '14.36 x 23.26', 4730000, 3, 2, 1, 1, 1, 1, 0, 0, 0, 0, 0),
('P194M', 'Topical ', 'CastinPlace', 2, 67.5, 220, '11.00 x 13.00', 3400000, 4, 3, 1, 1, 1, 0, 0, 1, 0, 0, 0),
('P195', 'Topical ', 'CastinPlace', 1, 0, 0, '0.00 x 0.00', 0, 0, 0, 0, 0, 0, 0, 0, 0, 0, 0, 0),
('P196', 'Topical ', 'CastinPlace', 2, 0, 0, '0.00 x 0.00', 0, 0, 0, 0, 0, 0, 0, 0, 0, 0, 0, 0),
('P197', 'Contemporary ', 'CastinPlace', 2, 39.76, 149, '10.20 x 7.20', 2440000, 3, 4, 1, 1, 1, 1, 0, 0, 0, 0, 0),
('P198', 'Contemporary ', 'CastinPlace', 2, 72.4, 290, '12.00 x 14.10', 4640000, 4, 4, 1, 1, 1, 1, 0, 0, 0, 0, 0),
('P199', 'Contemporary ', 'CastinPlace', 2, 89.13, 447, '19.00 x 11.50', 7030000, 3, 4, 1, 1, 1, 1, 0, 0, 0, 0, 0),
('P200M', 'Contemporary ', 'CastinPlace', 2, 60.75, 222, '14.00 x 9.50', 3210000, 2, 3, 1, 1, 1, 0, 1, 0, 0, 0, 0),
('P201', 'Topical ', 'CastinPlace', 2, 102.85, 413, '18.00 x 14.70', 6360000, 5, 5, 1, 1, 1, 1, 0, 0, 0, 0, 0),
('P202', 'Contemporary ', 'CastinPlace', 2, 94.93, 386, '17.70 x 13.50', 5830000, 5, 3, 1, 1, 1, 1, 0, 0, 0, 0, 0),
('P203', 'Topical ', 'CastinPlace', 2, 78.75, 351, '14.00 x 13.50', 5590000, 5, 4, 1, 1, 1, 1, 0, 0, 0, 0, 0),
('P204', 'Contemporary ', 'CastinPlace', 2, 55.6, 236, '9.50 x 12.50', 3760000, 3, 2, 1, 1, 1, 1, 0, 0, 0, 0, 0),
('P205', 'Contemporary ', 'CastinPlace', 2, 37.8, 149, '8.00 x 8.60', 2550000, 3, 2, 1, 1, 1, 1, 0, 0, 0, 0, 0),
('P206', 'Contemporary ', 'CastinPlace', 2, 50.87, 198, '7.00 x 14.50', 3130000, 3, 3, 1, 1, 1, 1, 0, 0, 0, 0, 0),
('P207', 'Contemporary ', 'CastinPlace', 2, 63, 238, '8.00 x 14.00', 3670000, 3, 3, 1, 1, 1, 1, 0, 0, 0, 0, 0),
('P208', 'Contemporary ', 'CastinPlace', 2, 55.5, 214, '9.00 x 13.10', 3370000, 4, 3, 1, 1, 1, 1, 0, 0, 0, 0, 0),
('P209', 'Contemporary ', 'CastinPlace', 2, 58.52, 227, '9.30 x 13.60', 3460000, 3, 3, 1, 1, 1, 1, 0, 0, 0, 0, 0),
('P210', 'Contemporary ', 'CastinPlace', 2, 100.22, 454, '17.70 x 15.00', 6810000, 5, 6, 1, 1, 1, 1, 0, 0, 0, 0, 0),
('P211', 'Contemporary ', 'CastinPlace', 2, 100.96, 365, '15.70 x 16.50', 5610000, 3, 4, 1, 1, 1, 1, 0, 0, 0, 0, 0),
('P212', 'Contemporary ', 'CastinPlace', 2, 206.88, 830, '28.20 x 21.70', 13220000, 6, 6, 1, 1, 1, 1, 0, 0, 0, 0, 0),
('P213', 'Contemporary ', 'CastinPlace', 2, 59.5, 220, '8.00 x 13.00', 3590000, 3, 3, 1, 1, 1, 1, 0, 0, 0, 0, 0),
('P214', 'Topical ', 'CastinPlace', 2, 123.9, 383, '19.60 x 17.00', 6520000, 3, 4, 1, 1, 1, 1, 0, 0, 0, 0, 0),
('P215', 'Topical ', 'CastinPlace', 2, 218.4, 721, '24.00 x 27.20', 11220000, 4, 6, 1, 1, 1, 1, 0, 0, 0, 0, 0),
('P216', 'Contemporary ', 'CastinPlace', 2, 56.88, 197, '10.40 x 11.80', 3080000, 4, 3, 1, 1, 1, 1, 0, 0, 0, 0, 0),
('P217', 'Contemporary ', 'CastinPlace', 2, 66.8, 232, '12.00 x 12.70', 3350000, 4, 3, 1, 1, 1, 1, 0, 0, 0, 0, 0),
('P218', 'Modern ', 'CastinPlace', 2, 59.66, 162, '11.20 x 11.70', 2719000, 3, 3, 1, 1, 1, 1, 1, 1, 0, 0, 0),
('P219', 'Topical ', 'CastinPlace', 1, 54.8, 110, '12.00 x 9.70', 2030000, 3, 1, 1, 1, 1, 1, 0, 0, 0, 0, 0),
('P220', 'Topical ', 'CastinPlace', 2, 52.5, 205, '11.00 x 10.00', 3230000, 3, 3, 1, 1, 1, 1, 0, 0, 0, 0, 0),
('P221', 'Topical ', 'CastinPlace', 2, 60.39, 270, '9.20 x 14.30', 4170000, 3, 3, 1, 1, 1, 1, 0, 0, 0, 0, 0),
('P222', 'Classic ', 'CastinPlace', 2, 379.5, 1345, '42.00 x 29.00', 26910000, 6, 7, 1, 1, 1, 1, 0, 1, 0, 0, 0),
('P223', 'Contemporary ', 'CastinPlace', 2, 72.37, 228, '11.00 x 15.30', 3580000, 4, 3, 1, 1, 1, 1, 0, 0, 0, 0, 0),
('P224', 'Contemporary ', 'CastinPlace', 2, 50.75, 156, '7.90 x 13.00', 2540000, 4, 2, 1, 1, 1, 1, 0, 0, 0, 0, 0),
('P225', 'Modern ', 'CastinPlace', 2, 74.82, 237, '8.60 x 16.50', 4140000, 5, 3, 1, 1, 1, 1, 0, 0, 0, 0, 0),
('P226', 'Classic ', 'CastinPlace', 2, 110.25, 338, '20.50 x 14.00', 5630000, 4, 5, 1, 1, 1, 1, 0, 1, 1, 0, 0),
('P227', 'Modern ', 'CastinPlace', 3, 86.41, 516, '11.50 x 18.30', 8340000, 6, 5, 1, 1, 1, 1, 0, 0, 0, 0, 0),
('P228M', 'Contemporary ', 'CastinPlace', 2, 50.96, 166, '9.50 x 11.10', 2410000, 3, 2, 1, 1, 1, 0, 0, 0, 0, 0, 0),
('P229L', 'Contemporary ', 'CastinPlace', 2, 58, 220, '10.50 x 12.00', 3330000, 3, 4, 1, 1, 1, 1, 0, 0, 0, 0, 0),
('P230L-MD', 'Modern ', 'CastinPlace', 2, 85.15, 277, '19.50 x 10.50', 4400000, 3, 3, 1, 1, 1, 1, 1, 1, 1, 0, 0),
('P231-MD', 'Classic ', 'CastinPlace', 2, 106.06, 355, '16.30 x 16.90', 5850000, 4, 4, 1, 1, 1, 1, 1, 1, 0, 0, 0),
('P232-MD', 'Contemporary ', 'CastinPlace', 3, 70.85, 369, '10.10 x 16.10', 5780000, 6, 4, 1, 1, 1, 1, 0, 1, 0, 0, 0),
('P233-MD', 'Modern ', 'CastinPlace', 3, 53.62, 330, '9.00 x 12.25', 5270000, 4, 5, 1, 0, 1, 1, 1, 1, 1, 0, 0),
('P234-MD', 'Topical ', 'CastinPlace', 2, 120.15, 297, '21.70 x 14.70', 4500000, 4, 4, 1, 0, 1, 1, 1, 1, 1, 0, 0),
('P235-MD', 'Modern ', 'CastinPlace', 2, 65.25, 242, '10.50 x 14.00', 3890000, 3, 3, 1, 0, 1, 1, 0, 1, 0, 0, 0),
('P236-MD', 'Classic ', 'CastinPlace', 2, 70.35, 227, '9.00 x 16.10', 3740000, 3, 2, 1, 0, 0, 1, 1, 1, 1, 0, 0),
('P238-MD', 'Topical ', 'CastinPlace', 2, 94.57, 328, '16.90 x 14.10', 5240000, 4, 5, 1, 0, 0, 1, 1, 1, 1, 0, 0),
('P239-MD', 'Contemporary ', 'CastinPlace', 2, 52.7, 225, '11.50 x 9.60', 3350000, 3, 3, 1, 0, 1, 1, 0, 0, 0, 0, 0),
('P240M', 'Contemporary ', 'CastinPlace', 2, 43.87, 170, '9.00 x 9.50', 2470000, 3, 2, 1, 1, 1, 1, 0, 0, 0, 0, 0),
('P241M-MD', 'Contemporary ', 'CastinPlace', 2, 84, 291, '10.00 x 20.00', 4270000, 4, 3, 1, 1, 1, 0, 0, 0, 0, 0, 0),
('P242M-MD', 'Contemporary', 'CastinPlace', 2, 59.73, 217, '13.70 x 9.50', 3350000, 3, 3, 1, 1, 1, 0, 0, 1, 0, 0, 0),
('P243M', 'Contemporary ', 'CastinPlace', 2, 64.35, 224, '12.50 x 11.60', 3600000, 3, 3, 1, 0, 0, 1, 1, 0, 1, 0, 0),
('P244M', 'Modern ', 'CastinPlace', 2, 71.9, 376, '8.60 x 13.70', 5670000, 5, 3, 1, 1, 1, 1, 0, 0, 0, 0, 0),
('P245M', 'Modern ', 'CastinPlace', 2, 67.5, 294, '13.20 x 11.70', 4540000, 4, 3, 1, 1, 1, 0, 0, 0, 1, 0, 0),
('P246M', 'Contemporary ', 'CastinPlace', 2, 59.5, 241, '10.00 x 13.00', 3510000, 3, 3, 1, 1, 1, 0, 0, 0, 0, 0, 0),
('P247M-MD', 'Contemporary ', 'CastinPlace', 2, 61.76, 234, '12.20 x 11.25', 3680000, 4, 3, 1, 1, 1, 0, 0, 0, 0, 0, 0),
('P248M', 'Modern ', 'CastinPlace', 2, 61.06, 279, '13.20 x 10.20', 4230000, 4, 3, 1, 1, 1, 1, 0, 0, 1, 0, 0),
('P249M', 'Topical ', 'CastinPlace', 2, 80, 323, '16.00 x 12.00', 5020000, 3, 3, 1, 1, 1, 0, 0, 0, 0, 0, 0),
('P250M', 'Contemporary ', 'CastinPlace', 2, 50.75, 199, '10.50 x 10.00', 2950000, 3, 2, 1, 1, 1, 1, 0, 0, 0, 0, 0),
('P251-MD', 'Classic ', 'CastinPlace', 2, 96.95, 394, '14.70 x 16.75', 6310000, 5, 3, 1, 1, 1, 0, 0, 0, 0, 0, 0),
('P252-MD', 'Contemporary ', 'CastinPlace', 2, 70.62, 214, '15.95 x 10.16', 3340000, 3, 3, 1, 1, 1, 0, 0, 0, 0, 0, 0),
('P253-MD', 'Contemporary', 'CastinPlace', 2, 49, 175, '10.00 x 10.00', 2730000, 3, 2, 1, 1, 1, 0, 0, 0, 0, 0, 0),
('P256-MD', 'Contemporary ', 'CastinPlace', 2, 50.4, 209, '12.80 x 8.00', 3240000, 4, 3, 1, 1, 1, 0, 0, 0, 0, 0, 0),
('P257-MD', 'Modern ', 'CastinPlace', 2, 64.89, 266, '14.70 x 10.10', 4260000, 4, 4, 1, 1, 1, 0, 0, 0, 0, 0, 0),
('P258-MD', 'Modern ', 'CastinPlace', 2, 54.02, 315, '10.70 x 10.70', 5090000, 4, 5, 1, 1, 1, 1, 0, 0, 0, 0, 0),
('P259-MD', 'Modern ', 'CastinPlace', 2, 75.76, 321, '10.50 x 16.90', 5480000, 3, 3, 1, 1, 1, 0, 0, 0, 0, 0, 0),
('P260-MD', 'Classic ', 'CastinPlace', 2, 70, 326, '13.50 x 12.00', 5490000, 4, 4, 1, 1, 1, 0, 0, 0, 0, 0, 0),
('P261.1', '', 'CastinPlace', 2, 181.1, 477, '26.50 x 19.00', 7700000, 5, 6, 1, 1, 1, 1, 0, 0, 0, 0, 0),
('P261-MD', 'Classic ', 'CastinPlace', 2, 116.4, 378, '15.40 x 20.00', 6120000, 5, 3, 1, 1, 1, 0, 0, 0, 0, 0, 0),
('P262-MD', 'Topical ', 'CastinPlace', 2, 60, 233, '11.00 x 12.00', 3360000, 4, 3, 1, 1, 1, 1, 1, 0, 0, 0, 0),
('P263-MD', 'Modern ', 'CastinPlace', 3, 52.48, 302, '8.35 x 13.00', 4720000, 6, 3, 1, 1, 1, 1, 0, 0, 0, 0, 0),
('P264', 'Classic ', 'CastinPlace', 2, 56, 252, '12.00 x 10.00', 4450000, 4, 3, 1, 1, 1, 1, 0, 0, 0, 0, 0),
('P265', 'Topical ', 'CastinPlace', 2, 68, 270, '13.00 x 12.00', 4189000, 4, 3, 1, 1, 1, 1, 0, 0, 0, 0, 0),
('P266', 'Topical ', 'CastinPlace', 2, 81.56, 260, '18.50 x 10.50', 4150000, 3, 3, 1, 1, 1, 1, 0, 0, 0, 0, 0),
('P267', 'Contemporary ', 'CastinPlace', 2, 40.62, 175, '9.00 x 8.50', 2430000, 3, 2, 1, 1, 1, 1, 0, 0, 0, 0, 0),
('P268', 'Topical ', 'CastinPlace', 2, 50.4, 272, '8.00 x 12.80', 4600000, 4, 3, 1, 1, 1, 1, 0, 0, 0, 0, 0),
('P269', 'Contemporary ', 'CastinPlace', 2, 62.34, 200, '15.95 x 8.50', 3040000, 3, 3, 1, 1, 1, 1, 0, 0, 0, 0, 0),
('P270', 'Modern ', 'CastinPlace', 2, 49.22, 382, '8.00 x 14.90', 4820000, 3, 5, 1, 1, 1, 1, 0, 0, 0, 0, 0),
('P271', 'Contemporary ', 'CastinPlace', 2, 58.8, 197, '8.00 x 12.80', 2880000, 4, 3, 1, 1, 1, 1, 0, 0, 0, 0, 0),
('P555', 'Classic ', 'CastinPlace', 2, 141.68, 476, '23.96 x 16.27', 11340000, 4, 3, 1, 1, 1, 1, 0, 0, 0, 0, 0),
('P888-MD', 'Classic ', 'CastinPlace', 2, 153.2, 482, '23.97 x 17.91', 11790000, 4, 5, 1, 1, 1, 1, 0, 0, 1, 0, 0),
('P999', 'Classic ', 'CastinPlace', 2, 102.91, 476, '16.40 x 25.10', 11350000, 4, 3, 1, 1, 1, 1, 0, 0, 0, 0, 0),
('P084.1', 'Topical ', 'CastinPlace', 2, 137.24, 380, '30.31 x 12.00', 5900000, 5, 4, 1, 1, 1, 1, 0, 0, 0, 0, 0),
('P084.2', 'Topical ', 'CastinPlace', 2, 127.88, 357, '19.00 x 18.24', 5590000, 5, 5, 1, 1, 1, 1, 0, 0, 0, 0, 0),
('P231.1', '', 'CastinPlace', 2, 98.87, 351, '18.60 x 13.50', 5830000, 4, 4, 1, 1, 1, 1, 0, 0, 0, 0, 0),
('P231.2', 'Classic ', 'CastinPlace', 2, 115.7, 384, '23.40 x 12.90', 6350000, 4, 5, 1, 1, 1, 1, 0, 0, 0, 0, 0),
('P252.1', 'Contemporary ', 'CastinPlace', 2, 69.8, 213, '15.95 x 10.00', 3300000, 4, 4, 1, 1, 1, 1, 0, 0, 0, 0, 0),
('P272-MD', '', 'CastinPlace', 2, 203.55, 607, '28.70 x 20.90', 9270000, 8, 8, 1, 1, 1, 1, 0, 0, 0, 0, 0),
('P273-MD', 'Topical ', 'CastinPlace', 2, 95.1, 338, '19.85 x 11.95', 5340000, 4, 4, 1, 1, 1, 1, 0, 0, 0, 0, 0),
('P273.1', 'Topical ', 'CastinPlace', 2, 85.2, 312, '18.00 x 11.50', 4920000, 3, 3, 1, 1, 1, 1, 0, 0, 0, 0, 0),
('P274-MD', 'Topical ', 'CastinPlace', 2, 163.7, 380, '23.88 x 19.50', 5990000, 4, 3, 1, 1, 1, 1, 0, 0, 0, 0, 0),
('P274.1', 'Topical ', 'CastinPlace', 2, 125.1, 367, '22.34 x 15.00', 5800000, 4, 3, 1, 1, 1, 1, 0, 0, 0, 0, 0),
('P275-MD', 'Topical ', 'CastinPlace', 2, 64.7, 224, '12.82 x 11.40', 3350000, 3, 3, 1, 1, 1, 1, 0, 0, 0, 0, 0),
('P275.1', 'Topical ', 'CastinPlace', 2, 75, 221, '14.72 x 12.00', 3290000, 4, 3, 1, 1, 1, 1, 0, 0, 0, 0, 0),
('P275.2', 'Topical ', 'CastinPlace', 2, 60.5, 208, '11.72 x 11.40', 3100000, 4, 3, 1, 1, 1, 1, 0, 0, 0, 0, 0),
('P276-MD', 'Classic ', 'CastinPlace', 2, 167.9, 429, '25.47 x 18.72', 7280000, 4, 5, 1, 1, 1, 1, 0, 0, 0, 0, 0),
('P277-MD', 'Classic ', 'CastinPlace', 2, 75.5, 259, '13.96 x 12.83', 4180000, 4, 3, 1, 1, 1, 1, 0, 0, 0, 0, 0),
('P278-MD', 'Classic ', 'CastinPlace', 2, 127.2, 505, '21.50 x 15.96', 8660000, 4, 5, 1, 1, 1, 1, 0, 0, 0, 0, 0),
('P279-MD', 'Topical ', 'CastinPlace', 2, 112.3, 308, '18.35 x 16.10', 4900000, 4, 3, 1, 1, 1, 1, 0, 0, 0, 0, 0),
('P280-MD', 'Classic ', 'CastinPlace', 2, 265.3, 604, '34.05 x 23.90', 10180000, 4, 5, 1, 1, 1, 1, 0, 0, 0, 0, 0),
('P281-MD', 'Classic ', 'CastinPlace', 2, 68.8, 268, '13.20 x 12.00', 3990000, 3, 3, 1, 1, 1, 1, 0, 0, 0, 0, 0),
('P282-MD', 'Modern ', 'CastinPlace', 2, 83.3, 301, '19.00 x 10.50', 4800000, 3, 3, 1, 1, 1, 1, 0, 0, 0, 0, 0),
('P283-MD', 'Modern ', 'CastinPlace', 2, 69.6, 238, '12.68 x 12.07', 3499000, 3, 3, 1, 1, 1, 1, 0, 0, 0, 0, 0),
('P284-MD', 'Modern ', 'CastinPlace', 2, 60.3, 239, '13.28 x 9.98', 3570000, 3, 3, 1, 1, 1, 1, 0, 0, 0, 0, 0),
('P285-MD', 'Modern ', 'CastinPlace', 2, 78.5, 310, '17.10 x 10.90', 4760000, 3, 3, 1, 1, 1, 1, 0, 0, 0, 0, 0),
('P286-MD', 'Modern ', 'CastinPlace', 2, 78.9, 308, '15.20 x 12.45', 4600000, 3, 3, 1, 1, 1, 1, 0, 0, 0, 0, 0),
('P287-MD', 'Contemporary ', 'CastinPlace', 2, 94.5, 322, '20.40 x 11.50', 5160000, 4, 3, 1, 1, 1, 1, 0, 0, 0, 0, 0),
('P288', 'Contemporary ', 'CastinPlace', 2, 46.37, 198, '10.00 x 9.25', 2900000, 3, 3, 1, 1, 1, 1, 0, 0, 0, 0, 0),
('P289', '', 'CastinPlace', 0, 87.5, 425, '16.00 x 13.50', 6530000, 5, 4, 1, 1, 1, 1, 0, 0, 0, 0, 0),
('P290', 'Modern ', 'CastinPlace', 2, 72, 302, '14.00 x 12.60', 4380000, 4, 4, 1, 1, 1, 1, 0, 0, 0, 0, 0),
('P291', 'Contemporary ', 'CastinPlace', 2, 79.5, 318, '13.20 x 14.50', 4600000, 4, 4, 1, 1, 1, 1, 0, 0, 0, 0, 0),
('P292', 'Topical ', 'CastinPlace', 2, 74.3, 360, '16.80 x 10.30', 5700000, 4, 4, 1, 1, 1, 1, 0, 0, 0, 0, 0),
('P293', 'Contemporary ', 'CastinPlace', 2, 68.2, 297, '13.40 x 11.70', 4690000, 4, 3, 1, 1, 1, 1, 0, 0, 0, 0, 0),
('P294', 'Modern ', 'CastinPlace', 3, 52.6, 274, '8.60 x 12.70', 4220000, 3, 3, 1, 1, 1, 1, 0, 0, 0, 0, 0),
('P295', 'Contemporary ', 'CastinPlace', 2, 105.47, 312, '18.93 x 14.40', 4900000, 3, 4, 1, 1, 1, 1, 0, 0, 0, 0, 0),
('P296', 'Contemporary ', 'CastinPlace', 2, 103.3, 350, '21.40 x 12.27', 5560000, 4, 5, 1, 1, 1, 1, 0, 0, 0, 0, 0),
('P297', 'Classic ', 'CastinPlace', 2, 57, 241, '12.00 x 10.20', 3770000, 2, 3, 1, 1, 1, 1, 0, 0, 0, 0, 0),
('P298', 'Topical ', 'CastinPlace', 2, 68, 330, '13.00 x 12.00', 4990000, 3, 3, 1, 1, 1, 1, 0, 0, 0, 0, 0),
('P299', '', 'CastinPlace', 2, 84.37, 357, '21.00 x 9.50', 5560000, 4, 5, 1, 1, 1, 1, 0, 0, 0, 0, 0),
('P300.1', 'Modern ', 'CastinPlace', 2, 56.6, 238, '11.90 x 10.70', 3530000, 0, 0, 0, 0, 0, 0, 0, 0, 0, 0, 0),
('P300', 'Modern ', 'CastinPlace', 2, 57.7, 238, '11.70 x 10.70', 3530000, 3, 4, 1, 1, 1, 1, 0, 0, 0, 0, 0),
('P301', 'Classic ', 'CastinPlace', 2, 83.2, 284, '18.80 x 10.60', 4500000, 4, 3, 1, 1, 1, 1, 0, 0, 0, 0, 0),
('P302', 'Contemporary ', 'CastinPlace', 2, 56.18, 239, '10.50 x 11.50', 3580000, 4, 3, 1, 1, 1, 1, 0, 0, 0, 0, 0),
('P303', 'Contemporary ', 'CastinPlace', 2, 56.9, 213, '12.20 x 10.05', 3190000, 3, 3, 1, 1, 1, 1, 0, 0, 0, 0, 0),
('P304', 'Classic ', 'CastinPlace', 2, 128.7, 426, '27.20 x 12.50', 6780000, 5, 5, 1, 1, 1, 1, 0, 0, 0, 0, 0),
('P305', '', 'CastinPlace', 2, 172.73, 516, '33.86 x 14.25', 7900000, 4, 4, 1, 1, 1, 1, 0, 0, 0, 0, 0),
('P306', '', 'CastinPlace', 2, 87.5, 412, '16.00 x 13.50', 6390000, 5, 5, 1, 1, 1, 1, 0, 0, 0, 0, 0),
('P307', 'Modern ', 'CastinPlace', 3, 58, 323, '6.50 x 18.10', 4990000, 3, 5, 1, 1, 1, 1, 0, 0, 0, 0, 0),
('P308', 'Modern ', 'CastinPlace', 2, 52.5, 234, '10.30 x 10.70', 3480000, 4, 3, 1, 1, 1, 1, 0, 0, 0, 0, 0),
('P309', 'Topical ', 'CastinPlace', 2, 49.6, 176, '9.50 x 10.70', 2750000, 3, 3, 1, 1, 1, 1, 0, 0, 0, 0, 0),
('P310', '', 'CastinPlace', 2, 124.45, 382, '21.18 x 15.77', 6290000, 5, 4, 1, 1, 1, 1, 0, 0, 0, 0, 0),
('P311', 'Modern ', 'CastinPlace', 3, 54.3, 297, '9.50 x 12.10', 4670000, 3, 3, 1, 1, 1, 1, 0, 0, 0, 0, 0),
('P312', 'Modern ', 'CastinPlace', 3, 57.7, 301, '9.50 x 13.10', 4770000, 4, 4, 1, 1, 1, 1, 0, 0, 0, 0, 0),
('P313', 'Modern', 'CastinPlace', 2, 76, 257.33, '15.00 x 12.00', 3980000, 4, 3, 1, 1, 1, 1, 0, 0, 0, 1, 0),
('P314', 'Modern ', 'CastinPlace', 3, 95.5, 449, '17.00 x 14.20', 6950000, 4, 4, 1, 1, 1, 1, 0, 0, 0, 0, 0),
('P315', 'Contemporary ', 'CastinPlace', 2, 93.3, 330, '20.10 x 11.50', 5220000, 3, 4, 1, 1, 1, 1, 0, 0, 0, 0, 0),
('P317', 'Contemporary ', 'CastinPlace', 2, 65.2, 255, '12.85 x 11.50', 3790000, 4, 3, 1, 1, 1, 1, 0, 0, 0, 0, 0),
('P316', '', 'CastinPlace', 2, 83.22, 296, '18.80 x 10.60', 4700000, 4, 3, 1, 1, 1, 1, 0, 0, 0, 0, 0),
('P318', '', 'CastinPlace', 2, 155.25, 403, '23.00 x 19.00', 6250000, 3, 4, 1, 1, 1, 1, 0, 0, 0, 0, 0),
('P319', 'Topical ', 'CastinPlace', 2, 63.1, 222, '14.30 x 9.80', 3280000, 4, 3, 1, 1, 1, 1, 0, 0, 0, 0, 0),
('P320', 'Contemporary ', 'CastinPlace', 2, 55, 241, '12.30 x 9.50', 3540000, 3, 3, 1, 1, 1, 1, 0, 0, 0, 0, 0),
('P321', '', 'CastinPlace', 2, 102.21, 413, '18.10 x 14.50', 6410000, 4, 3, 1, 1, 1, 1, 0, 0, 0, 0, 0),
('P322', '', 'CastinPlace', 2, 144.76, 516, '27.30 x 14.50', 8830000, 5, 4, 1, 1, 1, 1, 0, 0, 0, 0, 0),
('P323', '', 'CastinPlace', 2, 98.55, 296, '17.60 x 14.25', 4699000, 4, 4, 1, 1, 1, 1, 0, 0, 0, 2, 0),
('P324', 'Contemporary ', 'CastinPlace', 2, 58.7, 227, '9.50 x 13.40', 3360000, 4, 3, 1, 1, 1, 1, 0, 0, 0, 0, 0),
('P325', 'Contemporary ', 'CastinPlace', 2, 58.7, 226, '9.50 x 13.40', 3360000, 4, 3, 1, 1, 1, 1, 0, 0, 0, 0, 0),
('P237', 'Classic ', 'CastinPlace', 2, 96.25, 359, '18.00 x 13.50', 5999000, 4, 3, 1, 1, 1, 1, 0, 0, 0, 0, 0),
('P254', 'Modern ', 'CastinPlace', 3, 46.5, 325, '8.00 x 13.50', 5300000, 6, 6, 1, 1, 1, 1, 0, 0, 0, 0, 0),
('P255', 'Modern ', 'CastinPlace', 2, 52.5, 220, '8.00 x 13.50', 3630000, 4, 4, 1, 1, 1, 1, 0, 0, 0, 0, 0),
('P326', 'Modern ', 'CastinPlace', 3, 42.38, 170, '4.00 x 13.50', 2650000, 3, 3, 1, 1, 1, 1, 0, 0, 0, 0, 0),
('P327', '', 'CastinPlace', 3, 61.25, 325, '8.00 x 13.50', 4999000, 6, 6, 1, 1, 1, 1, 0, 0, 0, 0, 0),
('P328', '', 'CastinPlace', 2, 63.75, 269, '13.00 x 11.00', 4440000, 4, 4, 1, 1, 1, 1, 0, 0, 0, 0, 0),
('P329', 'Topical ', 'CastinPlace', 1, 74, 140, '14.50 x 12.00', 2690000, 3, 2, 1, 1, 1, 1, 0, 0, 0, 0, 0),
('P330', 'Topical ', 'CastinPlace', 2, 52.07, 188, '8.70 x 12.40', 2810000, 0, 0, 0, 0, 0, 0, 0, 0, 0, 0, 0),
('P331', 'Classic ', 'CastinPlace', 3, 120.43, 595, '19.50 x 16.50', 9210000, 0, 0, 0, 0, 0, 0, 0, 0, 0, 0, 0),
('P332', 'Modern ', 'CastinPlace', 3, 92.95, 93, '18.00 x 14.00', 5990000, 0, 0, 0, 0, 0, 0, 0, 0, 0, 0, 0),
('P333', 'Contemporary ', 'CastinPlace', 3, 84.16, 483, '14.60 x 14.10', 7490000, 0, 0, 0, 0, 0, 0, 0, 0, 0, 0, 0),
('P335', 'Classic ', 'CastinPlace', 2, 70.91, 243, '13.10 x 12.60', 3999000, 0, 0, 0, 0, 0, 0, 0, 0, 0, 0, 0),
('P338', 'Modern ', 'CastinPlace', 2, 62.26, 240, '12.10 x 11.47', 3530000, 0, 0, 0, 0, 0, 0, 0, 0, 0, 0, 0),
('P341', 'Modern ', 'CastinPlace', 2, 39.6, 163, '8.00 x 9.20', 2760000, 0, 0, 0, 0, 0, 0, 0, 0, 0, 0, 0),
('P342', 'Modern ', 'CastinPlace', 2, 74.2, 233, '17.20 x 10.00', 3610000, 0, 0, 0, 0, 0, 0, 0, 0, 0, 0, 0),
('P343', 'Contemporary ', 'CastinPlace', 2, 59.4, 253, '9.20 x 14.00', 3710000, 0, 0, 0, 0, 0, 0, 0, 0, 0, 0, 0),
('P344', 'Modern ', 'CastinPlace', 2, 65.87, 268, '13.00 x 11.50', 4100000, 0, 0, 0, 0, 0, 0, 0, 0, 0, 0, 0),
('P345', 'Modern ', 'CastinPlace', 2, 47, 211, '7.75 x 12.00', 2850000, 3, 3, 1, 1, 1, 1, 0, 0, 0, 0, 0),
('P346', 'Modern', 'CastinPlace', 2, 80.85, 257, '12.50 x 15.60 ??.?.', 4020000, 4, 3, 1, 1, 1, 1, 0, 0, 0, 0, 0),
('P348', 'Modern ', 'CastinPlace', 2, 84.8, 257, '17.20 x 12.00', 3980000, 3, 3, 1, 1, 1, 1, 0, 0, 0, 0, 0),
('P349', 'Contemporary ', 'CastinPlace', 2, 69.16, 251, '14.20 x 11.20', 3999000, 3, 3, 1, 1, 1, 1, 0, 0, 0, 0, 0),
('P350', 'Contemporary ', 'CastinPlace', 2, 61.23, 239, '11.70 x 11.60 ??.?.', 3510000, 3, 3, 1, 1, 1, 1, 0, 0, 0, 0, 0),
('P351', 'Modern ', 'CastinPlace', 2, 55.57, 239, '9.00 x 13.10', 3470000, 3, 3, 1, 1, 1, 1, 0, 0, 0, 0, 0),
('P352', 'Contemporary', 'CastinPlace', 2, 52.17, 201, '9.50 x 11.46', 3000000, 3, 3, 1, 1, 1, 1, 0, 0, 0, 0, 0),
('P353', 'Modern ', 'CastinPlace', 2, 61.06, 254, '9.80 x 13.70', 3740000, 3, 4, 1, 1, 1, 1, 0, 0, 0, 0, 0),
('P354', 'Modern ', 'CastinPlace', 2, 128.16, 498, '22.77 x 15.15', 7850000, 4, 5, 1, 1, 1, 1, 0, 0, 0, 0, 0),
('P355', 'Modern ', 'CastinPlace', 2, 147.64, 668, '20.70 x 19.91', 9999000, 6, 8, 1, 1, 1, 1, 0, 0, 0, 0, 0),
('P356', 'Modern ', 'CastinPlace', 3, 72.57, 393, '10.30 x 16.30', 6200000, 6, 3, 1, 1, 1, 1, 0, 0, 0, 3, 0),
('P313.1', 'Modern ', 'CastinPlace', 2, 76, 257, '15.00 x 12.00', 3999000, 4, 3, 1, 1, 1, 1, 0, 0, 0, 0, 0),
('P888.1', '', 'CastinPlace', 2, 132.17, 504, '20.90 x 14.95', 8900000, 4, 5, 1, 1, 1, 1, 0, 0, 0, 0, 0),
('P313', 'Modern', 'PrefabHome', 2, 76, 257.33, '15.00 x 12.00', 3380000, 4, 3, 1, 1, 1, 1, 0, 0, 0, 1, 0),
('P282-MD', 'Modern ', 'PrefabHome', 2, 83.3, 301, '19.00 x 10.50', 4080000, 3, 3, 1, 1, 1, 1, 0, 0, 0, 0, 0),
('P250M', 'Contemporary ', 'PrefabHome', 2, 50.75, 199, '10.50 x 10.00', 2500000, 3, 2, 1, 1, 1, 1, 0, 0, 0, 0, 0),
('P285-MD', 'Modern ', 'PrefabHome', 2, 78.5, 310, '17.10 x 10.90', 4000000, 3, 3, 1, 1, 1, 1, 0, 0, 0, 0, 0),
('P351', 'Modern ', 'PrefabHome', 2, 55.57, 239, '9.00 x 13.10', 290000, 3, 3, 1, 1, 1, 1, 0, 0, 0, 0, 0),
('P239-MD', 'Contemporary ', 'PrefabHome', 2, 52.7, 225, '11.50 x 9.60', 2800000, 3, 3, 1, 0, 1, 1, 0, 0, 0, 0, 0),
('P290', 'Modern ', 'PrefabHome', 2, 72, 302, '14.00 x 12.60', 3700000, 4, 4, 1, 1, 1, 1, 0, 0, 0, 0, 0),
('P308', 'Modern ', 'PrefabHome', 2, 52.5, 234, '10.30 x 10.70', 2900000, 4, 3, 1, 1, 1, 1, 0, 0, 0, 0, 0),
('P300', 'Modern ', 'PrefabHome', 2, 57.7, 238, '11.70 x 10.70', 3000000, 3, 4, 1, 1, 1, 1, 0, 0, 0, 0, 0),
('P352', 'Contemporary', 'PrefabHome', 2, 52.17, 201, '9.50 x 11.46', 2500000, 3, 3, 1, 1, 1, 1, 0, 0, 0, 0, 0),
('P253-MD', 'Contemporary', 'PrefabHome', 2, 49, 175, '10.00 x 10.00', 2320000, 3, 2, 1, 1, 1, 0, 0, 0, 0, 0, 0),
('P302', 'Contemporary ', 'PrefabHome', 2, 56.18, 239, '10.50 x 11.50', 3040000, 4, 3, 1, 1, 1, 1, 0, 0, 0, 0, 0),
('P353', 'Modern ', 'PrefabHome', 2, 61.06, 254, '9.80 x 13.70', 3170000, 3, 4, 1, 1, 1, 1, 0, 0, 0, 0, 0),
('P242M-MD', 'Contemporary', 'PrefabHome', 2, 59.73, 217, '13.70 x 9.50', 2840000, 3, 3, 1, 1, 1, 0, 0, 1, 0, 0, 0),
('P309', 'Topical ', 'PrefabHome', 2, 49.6, 176, '9.50 x 10.70', 2330000, 3, 3, 1, 1, 1, 1, 0, 0, 0, 0, 0),
('P283-MD', 'Modern ', 'PrefabHome', 2, 69.6, 238, '12.68 x 12.07', 2970000, 3, 3, 1, 1, 1, 1, 0, 0, 0, 0, 0),
('P346', 'Modern', 'PrefabHome', 2, 80.85, 257, '12.50 x 15.60', 3410000, 4, 3, 1, 1, 1, 1, 0, 0, 0, 0, 0),
('P281-MD', 'Classic ', 'PrefabHome', 2, 68.8, 268, '13.20 x 12.00', 3390000, 3, 3, 1, 1, 1, 1, 0, 0, 0, 0, 0),
('P267', 'Contemporary ', 'PrefabHome', 2, 45.42, 187.73, '9.87 x 9.10', 2380000, 3, 3, 1, 1, 1, 1, 0, 0, 0, 0, 0),
('P336', 'Modern ', 'PrefabHome', 2, 60.2, 267.58, '13.20 x 10.00', 3520000, 3, 3, 1, 1, 1, 1, 0, 0, 0, 0, 0);

-- --------------------------------------------------------

--
-- Table structure for table `home_pic`
--

CREATE TABLE `home_pic` (
  `product_id` varchar(50) CHARACTER SET utf8 NOT NULL,
  `home_type` text NOT NULL,
  `name_pic` varchar(50) CHARACTER SET utf8 NOT NULL,
  `show_order_pic` int(100) NOT NULL,
  `pic_date` datetime NOT NULL DEFAULT CURRENT_TIMESTAMP
) ENGINE=InnoDB DEFAULT CHARSET=latin1;

--
-- Dumping data for table `home_pic`
--

INSERT INTO `home_pic` (`product_id`, `home_type`, `name_pic`, `show_order_pic`, `pic_date`) VALUES
('P313.1', 'CastinPlace', '1.jpg', 1, '2018-08-12 01:41:39'),
('P313.1', 'CastinPlace', '2.jpg', 2, '2018-08-12 01:41:39'),
('P313.1', 'CastinPlace', '3.jpg', 3, '2018-08-12 01:41:39'),
('N004', 'CastinPlace', '1.jpg', 1, '2018-08-12 01:41:39'),
('N004', 'CastinPlace', '2.jpg', 2, '2018-08-12 01:41:39'),
('N004', 'CastinPlace', '3.jpg', 3, '2018-08-12 01:41:39'),
('N004', 'CastinPlace', '4.jpg', 4, '2018-08-12 01:41:39'),
('N004', 'CastinPlace', '5.jpg', 5, '2018-08-12 01:41:39'),
('N004', 'CastinPlace', '6.jpg', 6, '2018-08-12 01:41:39'),
('N004', 'CastinPlace', '7.jpg', 7, '2018-08-12 01:41:39'),
('N005', 'CastinPlace', '1.jpg', 1, '2018-08-12 01:41:39'),
('N005', 'CastinPlace', '2.jpg', 2, '2018-08-12 01:41:39'),
('N005', 'CastinPlace', '3.jpg', 3, '2018-08-12 01:41:39'),
('N009', 'CastinPlace', '1.jpg', 1, '2018-08-12 01:41:39'),
('N009', 'CastinPlace', '2.jpg', 2, '2018-08-12 01:41:39'),
('N009', 'CastinPlace', '3.jpg', 3, '2018-08-12 01:41:39'),
('N010', 'CastinPlace', '1.jpg', 1, '2018-08-12 01:41:39'),
('N010', 'CastinPlace', '2.jpg', 2, '2018-08-12 01:41:39'),
('N010', 'CastinPlace', '3.jpg', 3, '2018-08-12 01:41:39'),
('N011', 'CastinPlace', '1.jpg', 1, '2018-08-12 01:41:39'),
('N011', 'CastinPlace', '2.jpg', 2, '2018-08-12 01:41:39'),
('N011', 'CastinPlace', '3.jpg', 3, '2018-08-12 01:41:39'),
('N012', 'CastinPlace', '1.jpg', 1, '2018-08-12 01:41:39'),
('N012', 'CastinPlace', '2.jpg', 2, '2018-08-12 01:41:39'),
('N012', 'CastinPlace', '3.jpg', 3, '2018-08-12 01:41:39'),
('N018', 'CastinPlace', '1.jpg', 1, '2018-08-12 01:41:39'),
('N018', 'CastinPlace', '2.jpg', 2, '2018-08-12 01:41:39'),
('N018', 'CastinPlace', '3.jpg', 3, '2018-08-12 01:41:39'),
('N018', 'CastinPlace', '4.jpg', 4, '2018-08-12 01:41:39'),
('N018', 'CastinPlace', '5.jpg', 5, '2018-08-12 01:41:39'),
('P356', 'CastinPlace', '1.jpg', 1, '2018-08-12 01:41:39'),
('P356', 'CastinPlace', '2.jpg', 2, '2018-08-12 01:41:39'),
('P356', 'CastinPlace', '3.jpg', 3, '2018-08-12 01:41:39'),
('P356', 'CastinPlace', '4.jpg', 4, '2018-08-12 01:41:39'),
('P001', 'CastinPlace', '1.jpg', 1, '2018-08-12 01:41:39'),
('P001', 'CastinPlace', '2.jpg', 2, '2018-08-12 01:41:39'),
('P001', 'CastinPlace', '3.jpg', 3, '2018-08-12 01:41:39'),
('P355', 'CastinPlace', '1.jpg', 1, '2018-08-12 01:41:39'),
('P355', 'CastinPlace', '2.jpg', 2, '2018-08-12 01:41:39'),
('P355', 'CastinPlace', '3.jpg', 3, '2018-08-12 01:41:39'),
('P354', 'CastinPlace', '1.jpg', 1, '2018-08-12 01:41:39'),
('P354', 'CastinPlace', '2.jpg', 2, '2018-08-12 01:41:39'),
('P354', 'CastinPlace', '3.jpg', 3, '2018-08-12 01:41:39'),
('P353', 'CastinPlace', '1.jpg', 1, '2018-08-12 01:41:39'),
('P353', 'CastinPlace', '2.jpg', 2, '2018-08-12 01:41:39'),
('P353', 'CastinPlace', '3.jpg', 3, '2018-08-12 01:41:39'),
('P002', 'CastinPlace', '1.jpg', 1, '2018-08-12 01:41:39'),
('P002', 'CastinPlace', '2.jpg', 2, '2018-08-12 01:41:39'),
('P002', 'CastinPlace', '3.jpg', 3, '2018-08-12 01:41:39'),
('P352', 'CastinPlace', '1.jpg', 1, '2018-08-12 01:41:39'),
('P352', 'CastinPlace', '2.jpg', 2, '2018-08-12 01:41:39'),
('P352', 'CastinPlace', '3.jpg', 3, '2018-08-12 01:41:39'),
('P003', 'CastinPlace', '1.jpg', 1, '2018-08-12 01:41:39'),
('P003', 'CastinPlace', '2.jpg', 2, '2018-08-12 01:41:39'),
('P003', 'CastinPlace', '3.jpg', 3, '2018-08-12 01:41:39'),
('P351', 'CastinPlace', '1.jpg', 1, '2018-08-12 01:41:39'),
('P351', 'CastinPlace', '2.jpg', 2, '2018-08-12 01:41:39'),
('P351', 'CastinPlace', '3.jpg', 3, '2018-08-12 01:41:39'),
('P004', 'CastinPlace', '1.jpg', 1, '2018-08-12 01:41:39'),
('P004', 'CastinPlace', '2.jpg', 2, '2018-08-12 01:41:39'),
('P004', 'CastinPlace', '3.jpg', 3, '2018-08-12 01:41:39'),
('P005', 'CastinPlace', '1.jpg', 1, '2018-08-12 01:41:39'),
('P005', 'CastinPlace', '2.jpg', 2, '2018-08-12 01:41:39'),
('P005', 'CastinPlace', '3.jpg', 3, '2018-08-12 01:41:39'),
('P006', 'CastinPlace', '1.jpg', 1, '2018-08-12 01:41:39'),
('P006', 'CastinPlace', '2.jpg', 2, '2018-08-12 01:41:39'),
('P006', 'CastinPlace', '3.jpg', 3, '2018-08-12 01:41:39'),
('P006', 'CastinPlace', '4.jpg', 4, '2018-08-12 01:41:39'),
('P007', 'CastinPlace', '1.jpg', 1, '2018-08-12 01:41:39'),
('P007', 'CastinPlace', '2.jpg', 2, '2018-08-12 01:41:39'),
('P007', 'CastinPlace', '3.jpg', 3, '2018-08-12 01:41:39'),
('P007M', 'CastinPlace', '1.jpg', 1, '2018-08-12 01:41:39'),
('P007M', 'CastinPlace', '2.jpg', 2, '2018-08-12 01:41:39'),
('P007M', 'CastinPlace', '3.jpg', 3, '2018-08-12 01:41:39'),
('P350', 'CastinPlace', '1.jpg', 1, '2018-08-12 01:41:39'),
('P350', 'CastinPlace', '2.jpg', 2, '2018-08-12 01:41:39'),
('P350', 'CastinPlace', '3.jpg', 3, '2018-08-12 01:41:39'),
('P008', 'CastinPlace', '2.jpg', 2, '2018-08-12 01:41:39'),
('P008', 'CastinPlace', '3.jpg', 2, '2018-08-12 01:41:39'),
('P008L-MD', 'CastinPlace', '1.jpg', 1, '2018-08-12 01:41:39'),
('P008L-MD', 'CastinPlace', '2.jpg', 2, '2018-08-12 01:41:39'),
('P008L-MD', 'CastinPlace', '3.jpg', 3, '2018-08-12 01:41:39'),
('P009', 'CastinPlace', '1.jpg', 1, '2018-08-12 01:41:39'),
('P009', 'CastinPlace', '2.jpg', 2, '2018-08-12 01:41:39'),
('P009', 'CastinPlace', '3.jpg', 3, '2018-08-12 01:41:39'),
('P009', 'CastinPlace', '4.jpg', 4, '2018-08-12 01:41:39'),
('P009', 'CastinPlace', '5.jpg', 5, '2018-08-12 01:41:39'),
('P010', 'CastinPlace', '1.jpg', 1, '2018-08-12 01:41:39'),
('P010', 'CastinPlace', '2.jpg', 2, '2018-08-12 01:41:39'),
('P010', 'CastinPlace', '3.jpg', 3, '2018-08-12 01:41:39'),
('P349', 'CastinPlace', '1.jpg', 1, '2018-08-12 01:41:39'),
('P349', 'CastinPlace', '2.jpg', 2, '2018-08-12 01:41:39'),
('P349', 'CastinPlace', '3.jpg', 3, '2018-08-12 01:41:39'),
('P011', 'CastinPlace', '1.jpg', 1, '2018-08-12 01:41:39'),
('P011', 'CastinPlace', '2.jpg', 2, '2018-08-12 01:41:39'),
('P011', 'CastinPlace', '3.jpg', 3, '2018-08-12 01:41:39'),
('P012', 'CastinPlace', '1.jpg', 1, '2018-08-12 01:41:39'),
('P012', 'CastinPlace', '2.jpg', 2, '2018-08-12 01:41:39'),
('P012', 'CastinPlace', '3.jpg', 3, '2018-08-12 01:41:39'),
('P013', 'CastinPlace', '1.jpg', 1, '2018-08-12 01:41:39'),
('P013', 'CastinPlace', '2.jpg', 2, '2018-08-12 01:41:39'),
('P013', 'CastinPlace', '3.jpg', 3, '2018-08-12 01:41:39'),
('P013', 'CastinPlace', '4.jpg', 4, '2018-08-12 01:41:39'),
('P348', 'CastinPlace', '1.jpg', 1, '2018-08-12 01:41:39'),
('P348', 'CastinPlace', '2.jpg', 2, '2018-08-12 01:41:39'),
('P348', 'CastinPlace', '3.jpg', 3, '2018-08-12 01:41:39'),
('P014', 'CastinPlace', '1.jpg', 1, '2018-08-12 01:41:39'),
('P014', 'CastinPlace', '2.jpg', 2, '2018-08-12 01:41:39'),
('P014', 'CastinPlace', '3.jpg', 3, '2018-08-12 01:41:39'),
('P015', 'CastinPlace', '2.jpg', 2, '2018-08-12 01:41:39'),
('P015', 'CastinPlace', '3.jpg', 2, '2018-08-12 01:41:39'),
('P015M', 'CastinPlace', '1.jpg', 1, '2018-08-12 01:41:39'),
('P015M', 'CastinPlace', '2.jpg', 2, '2018-08-12 01:41:39'),
('P015M', 'CastinPlace', '3.jpg', 3, '2018-08-12 01:41:39'),
('P346', 'CastinPlace', '1.jpg', 1, '2018-08-12 01:41:39'),
('P346', 'CastinPlace', '2.jpg', 2, '2018-08-12 01:41:39'),
('P346', 'CastinPlace', '3.jpg', 3, '2018-08-12 01:41:39'),
('P345', 'CastinPlace', '1.jpg', 1, '2018-08-12 01:41:39'),
('P345', 'CastinPlace', '2.jpg', 2, '2018-08-12 01:41:39'),
('P345', 'CastinPlace', '3.jpg', 3, '2018-08-12 01:41:39'),
('P016', 'CastinPlace', '1.jpg', 1, '2018-08-12 01:41:39'),
('P016', 'CastinPlace', '2.jpg', 2, '2018-08-12 01:41:39'),
('P016', 'CastinPlace', '3.jpg', 3, '2018-08-12 01:41:39'),
('P016', 'CastinPlace', '4.jpg', 4, '2018-08-12 01:41:39'),
('P017', 'CastinPlace', '1.jpg', 1, '2018-08-12 01:41:39'),
('P017', 'CastinPlace', '2.jpg', 2, '2018-08-12 01:41:39'),
('P017', 'CastinPlace', '3.jpg', 3, '2018-08-12 01:41:39'),
('P018', 'CastinPlace', '1.jpg', 1, '2018-08-12 01:41:39'),
('P018', 'CastinPlace', '2.jpg', 2, '2018-08-12 01:41:39'),
('P018', 'CastinPlace', '3.jpg', 3, '2018-08-12 01:41:39'),
('P018', 'CastinPlace', '4.jpg', 4, '2018-08-12 01:41:39'),
('P018', 'CastinPlace', '5.jpg', 5, '2018-08-12 01:41:39'),
('P019', 'CastinPlace', '1.jpg', 1, '2018-08-12 01:41:39'),
('P019', 'CastinPlace', '2.jpg', 2, '2018-08-12 01:41:39'),
('P019', 'CastinPlace', '3.jpg', 3, '2018-08-12 01:41:39'),
('P020', 'CastinPlace', '1.jpg', 1, '2018-08-12 01:41:39'),
('P020', 'CastinPlace', '2.jpg', 2, '2018-08-12 01:41:39'),
('P020', 'CastinPlace', '3.jpg', 3, '2018-08-12 01:41:39'),
('P021', 'CastinPlace', '1.jpg', 1, '2018-08-12 01:41:39'),
('P021', 'CastinPlace', '2.jpg', 2, '2018-08-12 01:41:39'),
('P021', 'CastinPlace', '3.jpg', 3, '2018-08-12 01:41:39'),
('P021', 'CastinPlace', '4.jpg', 4, '2018-08-12 01:41:39'),
('P022', 'CastinPlace', '1.jpg', 1, '2018-08-12 01:41:39'),
('P022', 'CastinPlace', '2.jpg', 2, '2018-08-12 01:41:39'),
('P022', 'CastinPlace', '3.jpg', 3, '2018-08-12 01:41:39'),
('P023', 'CastinPlace', '1.jpg', 1, '2018-08-12 01:41:39'),
('P023', 'CastinPlace', '2.jpg', 2, '2018-08-12 01:41:39'),
('P023', 'CastinPlace', '3.jpg', 3, '2018-08-12 01:41:39'),
('P024', 'CastinPlace', '1.jpg', 1, '2018-08-12 01:41:39'),
('P024', 'CastinPlace', '2.jpg', 2, '2018-08-12 01:41:39'),
('P024', 'CastinPlace', '3.jpg', 3, '2018-08-12 01:41:39'),
('P025', 'CastinPlace', '1.jpg', 1, '2018-08-12 01:41:39'),
('P025', 'CastinPlace', '2.jpg', 2, '2018-08-12 01:41:39'),
('P025', 'CastinPlace', '3.jpg', 3, '2018-08-12 01:41:39'),
('P026', 'CastinPlace', '1.jpg', 1, '2018-08-12 01:41:39'),
('P026', 'CastinPlace', '2.jpg', 2, '2018-08-12 01:41:39'),
('P026', 'CastinPlace', '3.jpg', 3, '2018-08-12 01:41:39'),
('P027', 'CastinPlace', '1.jpg', 1, '2018-08-12 01:41:39'),
('P027', 'CastinPlace', '2.jpg', 2, '2018-08-12 01:41:39'),
('P027', 'CastinPlace', '3.jpg', 3, '2018-08-12 01:41:39'),
('P028', 'CastinPlace', '1.jpg', 1, '2018-08-12 01:41:39'),
('P028', 'CastinPlace', '2.jpg', 2, '2018-08-12 01:41:39'),
('P028', 'CastinPlace', '3.jpg', 3, '2018-08-12 01:41:39'),
('P029', 'CastinPlace', '1.jpg', 1, '2018-08-12 01:41:39'),
('P029', 'CastinPlace', '2.jpg', 2, '2018-08-12 01:41:39'),
('P029', 'CastinPlace', '3.jpg', 3, '2018-08-12 01:41:39'),
('P030', 'CastinPlace', '1.jpg', 1, '2018-08-12 01:41:39'),
('P030', 'CastinPlace', '2.jpg', 2, '2018-08-12 01:41:39'),
('P030', 'CastinPlace', '3.jpg', 3, '2018-08-12 01:41:39'),
('P031', 'CastinPlace', '1.jpg', 1, '2018-08-12 01:41:39'),
('P031', 'CastinPlace', '2.jpg', 2, '2018-08-12 01:41:39'),
('P031', 'CastinPlace', '3.jpg', 3, '2018-08-12 01:41:39'),
('P032', 'CastinPlace', '1.jpg', 1, '2018-08-12 01:41:39'),
('P032', 'CastinPlace', '2.jpg', 2, '2018-08-12 01:41:39'),
('P032', 'CastinPlace', '3.jpg', 3, '2018-08-12 01:41:39'),
('P033', 'CastinPlace', '1.jpg', 1, '2018-08-12 01:41:39'),
('P033', 'CastinPlace', '2.jpg', 2, '2018-08-12 01:41:39'),
('P033', 'CastinPlace', '3.jpg', 3, '2018-08-12 01:41:39'),
('P034', 'CastinPlace', '1.jpg', 1, '2018-08-12 01:41:39'),
('P034', 'CastinPlace', '2.jpg', 2, '2018-08-12 01:41:39'),
('P034', 'CastinPlace', '3.jpg', 3, '2018-08-12 01:41:39'),
('P035', 'CastinPlace', '1.jpg', 1, '2018-08-12 01:41:39'),
('P035', 'CastinPlace', '2.jpg', 2, '2018-08-12 01:41:39'),
('P035', 'CastinPlace', '3.jpg', 3, '2018-08-12 01:41:39'),
('P329', 'CastinPlace', '1.jpg', 1, '2018-08-12 01:41:39'),
('P329', 'CastinPlace', '2.jpg', 2, '2018-08-12 01:41:39'),
('P036', 'CastinPlace', '1.jpg', 1, '2018-08-12 01:41:39'),
('P036', 'CastinPlace', '2.jpg', 2, '2018-08-12 01:41:39'),
('P036', 'CastinPlace', '3.jpg', 3, '2018-08-12 01:41:39'),
('P037M', 'CastinPlace', '1.jpg', 1, '2018-08-12 01:41:39'),
('P037M', 'CastinPlace', '2.jpg', 2, '2018-08-12 01:41:39'),
('P037M', 'CastinPlace', '3.jpg', 3, '2018-08-12 01:41:39'),
('P328', 'CastinPlace', '1.jpg', 1, '2018-08-12 01:41:39'),
('P328', 'CastinPlace', '2.jpg', 2, '2018-08-12 01:41:39'),
('P328', 'CastinPlace', '3.jpg', 3, '2018-08-12 01:41:39'),
('P038', 'CastinPlace', '1.jpg', 1, '2018-08-12 01:41:39'),
('P038', 'CastinPlace', '2.jpg', 2, '2018-08-12 01:41:39'),
('P038', 'CastinPlace', '3.jpg', 3, '2018-08-12 01:41:39'),
('P039', 'CastinPlace', '1.jpg', 1, '2018-08-12 01:41:39'),
('P039', 'CastinPlace', '2.jpg', 2, '2018-08-12 01:41:39'),
('P039', 'CastinPlace', '3.jpg', 3, '2018-08-12 01:41:39'),
('P040', 'CastinPlace', '1.jpg', 1, '2018-08-12 01:41:39'),
('P040', 'CastinPlace', '2.jpg', 2, '2018-08-12 01:41:39'),
('P040', 'CastinPlace', '3.jpg', 3, '2018-08-12 01:41:39'),
('P041', 'CastinPlace', '1.jpg', 1, '2018-08-12 01:41:39'),
('P041', 'CastinPlace', '2.jpg', 2, '2018-08-12 01:41:39'),
('P041', 'CastinPlace', '3.jpg', 3, '2018-08-12 01:41:39'),
('P327', 'CastinPlace', '1.jpg', 1, '2018-08-12 01:41:39'),
('P327', 'CastinPlace', '2.jpg', 2, '2018-08-12 01:41:39'),
('P327', 'CastinPlace', '3.jpg', 3, '2018-08-12 01:41:39'),
('P327', 'CastinPlace', '4.jpg', 4, '2018-08-12 01:41:39'),
('P042', 'CastinPlace', '1.jpg', 1, '2018-08-12 01:41:39'),
('P042', 'CastinPlace', '2.jpg', 2, '2018-08-12 01:41:39'),
('P042', 'CastinPlace', '3.jpg', 3, '2018-08-12 01:41:39'),
('P326', 'CastinPlace', '1.jpg', 1, '2018-08-12 01:41:39'),
('P326', 'CastinPlace', '2.jpg', 2, '2018-08-12 01:41:39'),
('P326', 'CastinPlace', '3.jpg', 3, '2018-08-12 01:41:39'),
('P326', 'CastinPlace', '4.jpg', 4, '2018-08-12 01:41:39'),
('P043', 'CastinPlace', '1.jpg', 1, '2018-08-12 01:41:39'),
('P043', 'CastinPlace', '2.jpg', 2, '2018-08-12 01:41:39'),
('P043', 'CastinPlace', '3.jpg', 3, '2018-08-12 01:41:39'),
('P044', 'CastinPlace', '1.jpg', 1, '2018-08-12 01:41:39'),
('P044', 'CastinPlace', '2.jpg', 2, '2018-08-12 01:41:39'),
('P044', 'CastinPlace', '3.jpg', 3, '2018-08-12 01:41:39'),
('P045', 'CastinPlace', '1.jpg', 1, '2018-08-12 01:41:39'),
('P045', 'CastinPlace', '2.jpg', 2, '2018-08-12 01:41:39'),
('P045', 'CastinPlace', '3.jpg', 3, '2018-08-12 01:41:39'),
('P046', 'CastinPlace', '1.jpg', 1, '2018-08-12 01:41:39'),
('P046', 'CastinPlace', '2.jpg', 2, '2018-08-12 01:41:39'),
('P046', 'CastinPlace', '3.jpg', 3, '2018-08-12 01:41:39'),
('P047', 'CastinPlace', '1.jpg', 1, '2018-08-12 01:41:39'),
('P047', 'CastinPlace', '2.jpg', 2, '2018-08-12 01:41:39'),
('P047', 'CastinPlace', '3.jpg', 3, '2018-08-12 01:41:39'),
('P048', 'CastinPlace', '1.jpg', 1, '2018-08-12 01:41:39'),
('P048', 'CastinPlace', '2.jpg', 2, '2018-08-12 01:41:39'),
('P048', 'CastinPlace', '3.jpg', 3, '2018-08-12 01:41:39'),
('P049', 'CastinPlace', '1.jpg', 1, '2018-08-12 01:41:39'),
('P049', 'CastinPlace', '2.jpg', 2, '2018-08-12 01:41:39'),
('P049', 'CastinPlace', '3.jpg', 3, '2018-08-12 01:41:39'),
('P049', 'CastinPlace', '4.jpg', 4, '2018-08-12 01:41:39'),
('P050', 'CastinPlace', '1.jpg', 1, '2018-08-12 01:41:39'),
('P050', 'CastinPlace', '2.jpg', 2, '2018-08-12 01:41:39'),
('P050', 'CastinPlace', '3.jpg', 3, '2018-08-12 01:41:39'),
('P325', 'CastinPlace', '1.jpg', 1, '2018-08-12 01:41:39'),
('P325', 'CastinPlace', '2.jpg', 2, '2018-08-12 01:41:39'),
('P325', 'CastinPlace', '3.jpg', 3, '2018-08-12 01:41:39'),
('P324', 'CastinPlace', '1.jpg', 1, '2018-08-12 01:41:39'),
('P324', 'CastinPlace', '2.jpg', 2, '2018-08-12 01:41:39'),
('P324', 'CastinPlace', '3.jpg', 3, '2018-08-12 01:41:39'),
('P322', 'CastinPlace', '1.jpg', 1, '2018-08-12 01:41:39'),
('P322', 'CastinPlace', '2.jpg', 2, '2018-08-12 01:41:39'),
('P322', 'CastinPlace', '3.jpg', 3, '2018-08-12 01:41:39'),
('P320', 'CastinPlace', '1.jpg', 1, '2018-08-12 01:41:39'),
('P320', 'CastinPlace', '2.jpg', 2, '2018-08-12 01:41:39'),
('P320', 'CastinPlace', '3.jpg', 3, '2018-08-12 01:41:39'),
('P321', 'CastinPlace', '1.jpg', 1, '2018-08-12 01:41:39'),
('P321', 'CastinPlace', '2.jpg', 2, '2018-08-12 01:41:39'),
('P321', 'CastinPlace', '3.jpg', 3, '2018-08-12 01:41:39'),
('P319', 'CastinPlace', '1.jpg', 1, '2018-08-12 01:41:39'),
('P319', 'CastinPlace', '2.jpg', 2, '2018-08-12 01:41:39'),
('P319', 'CastinPlace', '3.jpg', 3, '2018-08-12 01:41:39'),
('P555', 'CastinPlace', '1.jpg', 1, '2018-08-12 01:41:39'),
('P555', 'CastinPlace', '2.jpg', 2, '2018-08-12 01:41:39'),
('P555', 'CastinPlace', '3.jpg', 3, '2018-08-12 01:41:39'),
('P888-MD', 'CastinPlace', '1.jpg', 1, '2018-08-12 01:41:39'),
('P888-MD', 'CastinPlace', '2.jpg', 2, '2018-08-12 01:41:39'),
('P888-MD', 'CastinPlace', '3.jpg', 3, '2018-08-12 01:41:39'),
('P888-MD', 'CastinPlace', '4.jpg', 4, '2018-08-12 01:41:39'),
('P888-MD', 'CastinPlace', '5.jpg', 5, '2018-08-12 01:41:39'),
('P888-MD', 'CastinPlace', '6.jpg', 6, '2018-08-12 01:41:39'),
('P888-MD', 'CastinPlace', '7.jpg', 7, '2018-08-12 01:41:39'),
('P888-MD', 'CastinPlace', '8.jpg', 8, '2018-08-12 01:41:39'),
('P888.1', 'CastinPlace', '1.jpg', 1, '2018-08-12 01:41:39'),
('P888.1', 'CastinPlace', '2.jpg', 2, '2018-08-12 01:41:39'),
('P888.1', 'CastinPlace', '3.jpg', 3, '2018-08-12 01:41:39'),
('P999', 'CastinPlace', '1.jpg', 1, '2018-08-12 01:41:39'),
('P999', 'CastinPlace', '2.jpg', 2, '2018-08-12 01:41:39'),
('P999', 'CastinPlace', '3.jpg', 3, '2018-08-12 01:41:39'),
('P318', 'CastinPlace', '1.jpg', 1, '2018-08-12 01:41:39'),
('P318', 'CastinPlace', '2.jpg', 2, '2018-08-12 01:41:39'),
('P318', 'CastinPlace', '3.jpg', 3, '2018-08-12 01:41:39'),
('P317', 'CastinPlace', '1.jpg', 1, '2018-08-12 01:41:39'),
('P317', 'CastinPlace', '2.jpg', 2, '2018-08-12 01:41:39'),
('P317', 'CastinPlace', '3.jpg', 3, '2018-08-12 01:41:39'),
('P317', 'CastinPlace', '4.jpg', 4, '2018-08-12 01:41:39'),
('P316', 'CastinPlace', '1.jpg', 1, '2018-08-12 01:41:39'),
('P316', 'CastinPlace', '2.jpg', 2, '2018-08-12 01:41:39'),
('P316', 'CastinPlace', '3.jpg', 3, '2018-08-12 01:41:39'),
('P315', 'CastinPlace', '1.jpg', 1, '2018-08-12 01:41:39'),
('P315', 'CastinPlace', '2.jpg', 2, '2018-08-12 01:41:39'),
('P315', 'CastinPlace', '3.jpg', 3, '2018-08-12 01:41:39'),
('P315', 'CastinPlace', '4.jpg', 4, '2018-08-12 01:41:39'),
('P315', 'CastinPlace', '5.jpg', 5, '2018-08-12 01:41:39'),
('P314', 'CastinPlace', '1.jpg', 1, '2018-08-12 01:41:39'),
('P314', 'CastinPlace', '2.jpg', 2, '2018-08-12 01:41:39'),
('P314', 'CastinPlace', '3.jpg', 3, '2018-08-12 01:41:39'),
('P314', 'CastinPlace', '4.jpg', 4, '2018-08-12 01:41:39'),
('P051', 'CastinPlace', '1.jpg', 1, '2018-08-12 01:41:39'),
('P051', 'CastinPlace', '2.jpg', 2, '2018-08-12 01:41:39'),
('P051', 'CastinPlace', '3.jpg', 3, '2018-08-12 01:41:39'),
('P052', 'CastinPlace', '1.jpg', 1, '2018-08-12 01:41:39'),
('P052', 'CastinPlace', '2.jpg', 2, '2018-08-12 01:41:39'),
('P052', 'CastinPlace', '3.jpg', 3, '2018-08-12 01:41:39'),
('P053', 'CastinPlace', '1.jpg', 1, '2018-08-12 01:41:39'),
('P053', 'CastinPlace', '2.jpg', 2, '2018-08-12 01:41:39'),
('P053', 'CastinPlace', '3.jpg', 3, '2018-08-12 01:41:39'),
('P054', 'CastinPlace', '1.jpg', 1, '2018-08-12 01:41:39'),
('P054', 'CastinPlace', '2.jpg', 2, '2018-08-12 01:41:39'),
('P054', 'CastinPlace', '3.jpg', 3, '2018-08-12 01:41:39'),
('P055', 'CastinPlace', '1.jpg', 1, '2018-08-12 01:41:39'),
('P055', 'CastinPlace', '2.jpg', 2, '2018-08-12 01:41:39'),
('P056', 'CastinPlace', '1.jpg', 1, '2018-08-12 01:41:39'),
('P056', 'CastinPlace', '2.jpg', 2, '2018-08-12 01:41:39'),
('P056', 'CastinPlace', '3.jpg', 3, '2018-08-12 01:41:39'),
('P057', 'CastinPlace', '1.jpg', 1, '2018-08-12 01:41:39'),
('P058', 'CastinPlace', '1.jpg', 1, '2018-08-12 01:41:39'),
('P058', 'CastinPlace', '2.jpg', 2, '2018-08-12 01:41:39'),
('P058', 'CastinPlace', '3.jpg', 3, '2018-08-12 01:41:39'),
('P058', 'CastinPlace', '4.jpg', 4, '2018-08-12 01:41:39'),
('P058', 'CastinPlace', '5.jpg', 5, '2018-08-12 01:41:39'),
('P059', 'CastinPlace', '1.jpg', 1, '2018-08-12 01:41:39'),
('P059', 'CastinPlace', '2.jpg', 2, '2018-08-12 01:41:39'),
('P059', 'CastinPlace', '3.jpg', 3, '2018-08-12 01:41:39'),
('P312', 'CastinPlace', '1.jpg', 1, '2018-08-12 01:41:39'),
('P312', 'CastinPlace', '2.jpg', 2, '2018-08-12 01:41:39'),
('P312', 'CastinPlace', '3.jpg', 3, '2018-08-12 01:41:39'),
('P312', 'CastinPlace', '4.jpg', 4, '2018-08-12 01:41:39'),
('P312', 'CastinPlace', '5.jpg', 5, '2018-08-12 01:41:39'),
('P060', 'CastinPlace', '1.jpg', 1, '2018-08-12 01:41:39'),
('P060', 'CastinPlace', '2.jpg', 2, '2018-08-12 01:41:39'),
('P060', 'CastinPlace', '3.jpg', 3, '2018-08-12 01:41:39'),
('P060', 'CastinPlace', '4.jpg', 4, '2018-08-12 01:41:39'),
('P311', 'CastinPlace', '1.jpg', 1, '2018-08-12 01:41:39'),
('P311', 'CastinPlace', '2.jpg', 2, '2018-08-12 01:41:39'),
('P311', 'CastinPlace', '3.jpg', 3, '2018-08-12 01:41:39'),
('P311', 'CastinPlace', '4.jpg', 4, '2018-08-12 01:41:39'),
('P311', 'CastinPlace', '5.jpg', 5, '2018-08-12 01:41:39'),
('P311', 'CastinPlace', '6.jpg', 6, '2018-08-12 01:41:39'),
('P060MD', 'CastinPlace', '1.jpg', 1, '2018-08-12 01:41:39'),
('P060MD', 'CastinPlace', '2.jpg', 2, '2018-08-12 01:41:39'),
('P060MD', 'CastinPlace', '3.jpg', 3, '2018-08-12 01:41:39'),
('P310', 'CastinPlace', '1.jpg', 1, '2018-08-12 01:41:39'),
('P310', 'CastinPlace', '2.jpg', 2, '2018-08-12 01:41:39'),
('P310', 'CastinPlace', '3.jpg', 3, '2018-08-12 01:41:39'),
('P310', 'CastinPlace', '4.jpg', 4, '2018-08-12 01:41:39'),
('P310', 'CastinPlace', '5.jpg', 5, '2018-08-12 01:41:39'),
('P309', 'CastinPlace', '1.jpg', 1, '2018-08-12 01:41:39'),
('P309', 'CastinPlace', '2.jpg', 2, '2018-08-12 01:41:39'),
('P309', 'CastinPlace', '3.jpg', 3, '2018-08-12 01:41:39'),
('P309', 'CastinPlace', '4.jpg', 4, '2018-08-12 01:41:39'),
('P309', 'CastinPlace', '5.jpg', 5, '2018-08-12 01:41:39'),
('P309', 'CastinPlace', '6.jpg', 6, '2018-08-12 01:41:39'),
('P308', 'CastinPlace', '1.jpg', 1, '2018-08-12 01:41:39'),
('P308', 'CastinPlace', '2.jpg', 2, '2018-08-12 01:41:39'),
('P308', 'CastinPlace', '3.jpg', 3, '2018-08-12 01:41:39'),
('P308', 'CastinPlace', '4.jpg', 4, '2018-08-12 01:41:39'),
('P307', 'CastinPlace', '1.jpg', 1, '2018-08-12 01:41:39'),
('P307', 'CastinPlace', '2.jpg', 2, '2018-08-12 01:41:39'),
('P307', 'CastinPlace', '3.jpg', 3, '2018-08-12 01:41:39'),
('P307', 'CastinPlace', '4.jpg', 4, '2018-08-12 01:41:39'),
('P307', 'CastinPlace', '5.jpg', 5, '2018-08-12 01:41:39'),
('P306', 'CastinPlace', '1.jpg', 1, '2018-08-12 01:41:39'),
('P306', 'CastinPlace', '2.jpg', 2, '2018-08-12 01:41:39'),
('P306', 'CastinPlace', '3.jpg', 3, '2018-08-12 01:41:39'),
('P305', 'CastinPlace', '1.jpg', 1, '2018-08-12 01:41:39'),
('P305', 'CastinPlace', '2.jpg', 2, '2018-08-12 01:41:39'),
('P305', 'CastinPlace', '3.jpg', 3, '2018-08-12 01:41:39'),
('P304', 'CastinPlace', '1.jpg', 1, '2018-08-12 01:41:39'),
('P304', 'CastinPlace', '2.jpg', 2, '2018-08-12 01:41:39'),
('P304', 'CastinPlace', '3.jpg', 3, '2018-08-12 01:41:39'),
('P304', 'CastinPlace', '4.jpg', 4, '2018-08-12 01:41:39'),
('P303', 'CastinPlace', '1.jpg', 1, '2018-08-12 01:41:39'),
('P303', 'CastinPlace', '2.jpg', 2, '2018-08-12 01:41:39'),
('P303', 'CastinPlace', '3.jpg', 3, '2018-08-12 01:41:39'),
('P061', 'CastinPlace', '1.jpg', 1, '2018-08-12 01:41:39'),
('P061', 'CastinPlace', '2.jpg', 2, '2018-08-12 01:41:39'),
('P061', 'CastinPlace', '3.jpg', 3, '2018-08-12 01:41:39'),
('P062', 'CastinPlace', '1.jpg', 1, '2018-08-12 01:41:39'),
('P062', 'CastinPlace', '2.jpg', 2, '2018-08-12 01:41:39'),
('P062', 'CastinPlace', '3.jpg', 3, '2018-08-12 01:41:39'),
('P062', 'CastinPlace', '4.jpg', 4, '2018-08-12 01:41:39'),
('P063', 'CastinPlace', '1.jpg', 1, '2018-08-12 01:41:39'),
('P063', 'CastinPlace', '2.jpg', 2, '2018-08-12 01:41:39'),
('P063', 'CastinPlace', '3.jpg', 3, '2018-08-12 01:41:39'),
('P302', 'CastinPlace', '1.jpg', 1, '2018-08-12 01:41:39'),
('P302', 'CastinPlace', '2.jpg', 2, '2018-08-12 01:41:39'),
('P302', 'CastinPlace', '3.jpg', 3, '2018-08-12 01:41:39'),
('P302', 'CastinPlace', '4.jpg', 4, '2018-08-12 01:41:39'),
('P064', 'CastinPlace', '1.jpg', 1, '2018-08-12 01:41:39'),
('P064', 'CastinPlace', '2.jpg', 2, '2018-08-12 01:41:39'),
('P065', 'CastinPlace', '1.jpg', 1, '2018-08-12 01:41:39'),
('P065', 'CastinPlace', '2.jpg', 2, '2018-08-12 01:41:39'),
('P065', 'CastinPlace', '3.jpg', 3, '2018-08-12 01:41:39'),
('P065', 'CastinPlace', '4.jpg', 4, '2018-08-12 01:41:39'),
('P066', 'CastinPlace', '1.jpg', 1, '2018-08-12 01:41:39'),
('P066', 'CastinPlace', '2.jpg', 2, '2018-08-12 01:41:39'),
('P066', 'CastinPlace', '3.jpg', 3, '2018-08-12 01:41:39'),
('P301', 'CastinPlace', '1.jpg', 1, '2018-08-12 01:41:39'),
('P301', 'CastinPlace', '2.jpg', 2, '2018-08-12 01:41:39'),
('P301', 'CastinPlace', '3.jpg', 3, '2018-08-12 01:41:39'),
('P301', 'CastinPlace', '4.jpg', 4, '2018-08-12 01:41:39'),
('P067', 'CastinPlace', '1.jpg', 1, '2018-08-12 01:41:39'),
('P067', 'CastinPlace', '2.jpg', 2, '2018-08-12 01:41:39'),
('P067', 'CastinPlace', '3.jpg', 3, '2018-08-12 01:41:39'),
('P068', 'CastinPlace', '1.jpg', 1, '2018-08-12 01:41:39'),
('P068', 'CastinPlace', '2.jpg', 2, '2018-08-12 01:41:39'),
('P068', 'CastinPlace', '3.jpg', 3, '2018-08-12 01:41:39'),
('P069', 'CastinPlace', '1.jpg', 1, '2018-08-12 01:41:39'),
('P069', 'CastinPlace', '2.jpg', 2, '2018-08-12 01:41:39'),
('P069', 'CastinPlace', '3.jpg', 3, '2018-08-12 01:41:39'),
('P070', 'CastinPlace', '1.jpg', 1, '2018-08-12 01:41:39'),
('P070', 'CastinPlace', '2.jpg', 2, '2018-08-12 01:41:39'),
('P070', 'CastinPlace', '3.jpg', 3, '2018-08-12 01:41:39'),
('P070', 'CastinPlace', '4.jpg', 4, '2018-08-12 01:41:39'),
('P070', 'CastinPlace', '5.jpg', 5, '2018-08-12 01:41:39'),
('P071', 'CastinPlace', '1.jpg', 1, '2018-08-12 01:41:39'),
('P071', 'CastinPlace', '2.jpg', 2, '2018-08-12 01:41:39'),
('P071', 'CastinPlace', '3.jpg', 3, '2018-08-12 01:41:39'),
('P071M', 'CastinPlace', '1.jpg', 1, '2018-08-12 01:41:39'),
('P071M', 'CastinPlace', '2.jpg', 2, '2018-08-12 01:41:39'),
('P071M', 'CastinPlace', '3.jpg', 3, '2018-08-12 01:41:39'),
('P072', 'CastinPlace', '1.jpg', 1, '2018-08-12 01:41:39'),
('P072', 'CastinPlace', '2.jpg', 2, '2018-08-12 01:41:39'),
('P072', 'CastinPlace', '3.jpg', 3, '2018-08-12 01:41:39'),
('P072M', 'CastinPlace', '1.jpg', 1, '2018-08-12 01:41:39'),
('P072M', 'CastinPlace', '2.jpg', 2, '2018-08-12 01:41:39'),
('P072M', 'CastinPlace', '3.jpg', 3, '2018-08-12 01:41:39'),
('P300', 'CastinPlace', '1.jpg', 1, '2018-08-12 01:41:39'),
('P300', 'CastinPlace', '2.jpg', 2, '2018-08-12 01:41:39'),
('P300', 'CastinPlace', '3.jpg', 3, '2018-08-12 01:41:39'),
('P300', 'CastinPlace', '4.jpg', 4, '2018-08-12 01:41:39'),
('P073', 'CastinPlace', '1.jpg', 1, '2018-08-12 01:41:39'),
('P073', 'CastinPlace', '2.jpg', 2, '2018-08-12 01:41:39'),
('P073', 'CastinPlace', '3.jpg', 3, '2018-08-12 01:41:39'),
('P073M', 'CastinPlace', '1.jpg', 1, '2018-08-12 01:41:39'),
('P073M', 'CastinPlace', '2.jpg', 2, '2018-08-12 01:41:39'),
('P073M', 'CastinPlace', '3.jpg', 3, '2018-08-12 01:41:39'),
('P074', 'CastinPlace', '1.jpg', 1, '2018-08-12 01:41:39'),
('P074', 'CastinPlace', '2.jpg', 2, '2018-08-12 01:41:39'),
('P074', 'CastinPlace', '3.jpg', 3, '2018-08-12 01:41:39'),
('P075', 'CastinPlace', '1.jpg', 1, '2018-08-12 01:41:39'),
('P075', 'CastinPlace', '2.jpg', 2, '2018-08-12 01:41:39'),
('P075', 'CastinPlace', '3.jpg', 3, '2018-08-12 01:41:39'),
('P076', 'CastinPlace', '1.jpg', 1, '2018-08-12 01:41:39'),
('P076', 'CastinPlace', '2.jpg', 2, '2018-08-12 01:41:39'),
('P076', 'CastinPlace', '3.jpg', 3, '2018-08-12 01:41:39'),
('P077', 'CastinPlace', '1.jpg', 1, '2018-08-12 01:41:39'),
('P077', 'CastinPlace', '2.jpg', 2, '2018-08-12 01:41:39'),
('P077', 'CastinPlace', '3.jpg', 3, '2018-08-12 01:41:39'),
('P078', 'CastinPlace', '1.jpg', 1, '2018-08-12 01:41:39'),
('P078', 'CastinPlace', '2.jpg', 2, '2018-08-12 01:41:39'),
('P078', 'CastinPlace', '3.jpg', 3, '2018-08-12 01:41:39'),
('P299', 'CastinPlace', '1.jpg', 1, '2018-08-12 01:41:39'),
('P299', 'CastinPlace', '2.jpg', 2, '2018-08-12 01:41:39'),
('P299', 'CastinPlace', '3.jpg', 3, '2018-08-12 01:41:39'),
('P299', 'CastinPlace', '4.jpg', 4, '2018-08-12 01:41:39'),
('P299', 'CastinPlace', '5.jpg', 5, '2018-08-12 01:41:39'),
('P078M', 'CastinPlace', '1.jpg', 1, '2018-08-12 01:41:39'),
('P078M', 'CastinPlace', '2.jpg', 2, '2018-08-12 01:41:39'),
('P078M', 'CastinPlace', '3.jpg', 3, '2018-08-12 01:41:39'),
('P079', 'CastinPlace', '1.jpg', 1, '2018-08-12 01:41:39'),
('P079', 'CastinPlace', '2.jpg', 2, '2018-08-12 01:41:39'),
('P079', 'CastinPlace', '3.jpg', 3, '2018-08-12 01:41:39'),
('P079', 'CastinPlace', '4.jpg', 4, '2018-08-12 01:41:39'),
('P079M', 'CastinPlace', '1.jpg', 1, '2018-08-12 01:41:39'),
('P079M', 'CastinPlace', '2.jpg', 2, '2018-08-12 01:41:39'),
('P079M', 'CastinPlace', '3.jpg', 3, '2018-08-12 01:41:39'),
('P080', 'CastinPlace', '1.jpg', 1, '2018-08-12 01:41:39'),
('P080', 'CastinPlace', '2.jpg', 2, '2018-08-12 01:41:39'),
('P080', 'CastinPlace', '3.jpg', 3, '2018-08-12 01:41:39'),
('P081', 'CastinPlace', '1.jpg', 1, '2018-08-12 01:41:39'),
('P081', 'CastinPlace', '2.jpg', 2, '2018-08-12 01:41:39'),
('P081', 'CastinPlace', '3.jpg', 3, '2018-08-12 01:41:39'),
('P298', 'CastinPlace', '1.jpg', 1, '2018-08-12 01:41:39'),
('P298', 'CastinPlace', '2.jpg', 2, '2018-08-12 01:41:39'),
('P298', 'CastinPlace', '3.jpg', 3, '2018-08-12 01:41:39'),
('P297', 'CastinPlace', '1.jpg', 1, '2018-08-12 01:41:39'),
('P297', 'CastinPlace', '2.jpg', 2, '2018-08-12 01:41:39'),
('P297', 'CastinPlace', '3.jpg', 3, '2018-08-12 01:41:39'),
('P297', 'CastinPlace', '4.jpg', 4, '2018-08-12 01:41:39'),
('P297', 'CastinPlace', '5.jpg', 5, '2018-08-12 01:41:39'),
('P082', 'CastinPlace', '1.jpg', 1, '2018-08-12 01:41:39'),
('P082', 'CastinPlace', '2.jpg', 2, '2018-08-12 01:41:39'),
('P082', 'CastinPlace', '3.jpg', 3, '2018-08-12 01:41:39'),
('P083', 'CastinPlace', '1.jpg', 1, '2018-08-12 01:41:39'),
('P083', 'CastinPlace', '2.jpg', 2, '2018-08-12 01:41:39'),
('P083', 'CastinPlace', '3.jpg', 3, '2018-08-12 01:41:39'),
('P084.1', 'CastinPlace', '1.jpg', 1, '2018-08-12 01:41:39'),
('P084.1', 'CastinPlace', '2.jpg', 2, '2018-08-12 01:41:39'),
('P084.2', 'CastinPlace', '1.jpg', 1, '2018-08-12 01:41:39'),
('P084.2', 'CastinPlace', '2.jpg', 2, '2018-08-12 01:41:39'),
('P084LL(MD)', 'CastinPlace', '1.jpg', 1, '2018-08-12 01:41:39'),
('P084LL(MD)', 'CastinPlace', '2.jpg', 2, '2018-08-12 01:41:39'),
('P084LL(MD)', 'CastinPlace', '3.jpg', 3, '2018-08-12 01:41:39'),
('P084LL(MD)', 'CastinPlace', '4.jpg', 4, '2018-08-12 01:41:39'),
('P084LL(MD)', 'CastinPlace', '5.jpg', 5, '2018-08-12 01:41:39'),
('P084LL(MD)', 'CastinPlace', '6.jpg', 6, '2018-08-12 01:41:39'),
('P085', 'CastinPlace', '1.jpg', 1, '2018-08-12 01:41:39'),
('P085', 'CastinPlace', '2.jpg', 2, '2018-08-12 01:41:39'),
('P085', 'CastinPlace', '3.jpg', 3, '2018-08-12 01:41:39'),
('P085', 'CastinPlace', '4.jpg', 4, '2018-08-12 01:41:39'),
('P296', 'CastinPlace', '1.jpg', 1, '2018-08-12 01:41:39'),
('P296', 'CastinPlace', '2.jpg', 2, '2018-08-12 01:41:39'),
('P296', 'CastinPlace', '3.jpg', 3, '2018-08-12 01:41:39'),
('P296', 'CastinPlace', '4.jpg', 4, '2018-08-12 01:41:39'),
('P086', 'CastinPlace', '1.jpg', 1, '2018-08-12 01:41:39'),
('P086', 'CastinPlace', '2.jpg', 2, '2018-08-12 01:41:39'),
('P086', 'CastinPlace', '3.jpg', 3, '2018-08-12 01:41:39'),
('P087', 'CastinPlace', '1.jpg', 1, '2018-08-12 01:41:39'),
('P087', 'CastinPlace', '2.jpg', 2, '2018-08-12 01:41:39'),
('P087', 'CastinPlace', '3.jpg', 3, '2018-08-12 01:41:39'),
('P088', 'CastinPlace', '1.jpg', 1, '2018-08-12 01:41:39'),
('P088', 'CastinPlace', '2.jpg', 2, '2018-08-12 01:41:39'),
('P088', 'CastinPlace', '3.jpg', 3, '2018-08-12 01:41:39'),
('P089', 'CastinPlace', '1.jpg', 1, '2018-08-12 01:41:39'),
('P089', 'CastinPlace', '2.jpg', 2, '2018-08-12 01:41:39'),
('P089', 'CastinPlace', '3.jpg', 3, '2018-08-12 01:41:39'),
('P090', 'CastinPlace', '1.jpg', 1, '2018-08-12 01:41:39'),
('P090', 'CastinPlace', '2.jpg', 2, '2018-08-12 01:41:39'),
('P090', 'CastinPlace', '3.jpg', 3, '2018-08-12 01:41:39'),
('P090', 'CastinPlace', '4.jpg', 4, '2018-08-12 01:41:39'),
('P295', 'CastinPlace', '1.jpg', 1, '2018-08-12 01:41:39'),
('P295', 'CastinPlace', '2.jpg', 2, '2018-08-12 01:41:39'),
('P295', 'CastinPlace', '3.jpg', 3, '2018-08-12 01:41:39'),
('P295', 'CastinPlace', '4.jpg', 4, '2018-08-12 01:41:39'),
('P294', 'CastinPlace', '1.jpg', 1, '2018-08-12 01:41:39'),
('P294', 'CastinPlace', '2.jpg', 2, '2018-08-12 01:41:39'),
('P294', 'CastinPlace', '3.jpg', 3, '2018-08-12 01:41:39'),
('P294', 'CastinPlace', '4.jpg', 4, '2018-08-12 01:41:39'),
('P294', 'CastinPlace', '5.jpg', 5, '2018-08-12 01:41:39'),
('P091', 'CastinPlace', '1.jpg', 1, '2018-08-12 01:41:39'),
('P091', 'CastinPlace', '2.jpg', 2, '2018-08-12 01:41:39'),
('P091', 'CastinPlace', '3.jpg', 3, '2018-08-12 01:41:39'),
('P092', 'CastinPlace', '1.jpg', 1, '2018-08-12 01:41:39'),
('P092', 'CastinPlace', '2.jpg', 2, '2018-08-12 01:41:39'),
('P092', 'CastinPlace', '3.jpg', 3, '2018-08-12 01:41:39'),
('P093', 'CastinPlace', '1.jpg', 1, '2018-08-12 01:41:39'),
('P093', 'CastinPlace', '2.jpg', 2, '2018-08-12 01:41:39'),
('P094', 'CastinPlace', '1.jpg', 1, '2018-08-12 01:41:39'),
('P094', 'CastinPlace', '2.jpg', 2, '2018-08-12 01:41:39'),
('P095', 'CastinPlace', '1.jpg', 1, '2018-08-12 01:41:39'),
('P095', 'CastinPlace', '2.jpg', 2, '2018-08-12 01:41:39'),
('P095', 'CastinPlace', '3.jpg', 3, '2018-08-12 01:41:39'),
('P096', 'CastinPlace', '1.jpg', 1, '2018-08-12 01:41:39'),
('P096', 'CastinPlace', '2.jpg', 2, '2018-08-12 01:41:39'),
('P096', 'CastinPlace', '3.jpg', 3, '2018-08-12 01:41:39'),
('P097', 'CastinPlace', '1.jpg', 1, '2018-08-12 01:41:39'),
('P097', 'CastinPlace', '2.jpg', 2, '2018-08-12 01:41:39'),
('P097', 'CastinPlace', '3.jpg', 3, '2018-08-12 01:41:39'),
('P293', 'CastinPlace', '1.jpg', 1, '2018-08-12 01:41:39'),
('P293', 'CastinPlace', '2.jpg', 2, '2018-08-12 01:41:39'),
('P293', 'CastinPlace', '3.jpg', 3, '2018-08-12 01:41:39'),
('P293', 'CastinPlace', '4.jpg', 4, '2018-08-12 01:41:39'),
('P098', 'CastinPlace', '1.jpg', 1, '2018-08-12 01:41:39'),
('P098', 'CastinPlace', '2.jpg', 2, '2018-08-12 01:41:39'),
('P099', 'CastinPlace', '1.jpg', 1, '2018-08-12 01:41:39'),
('P099', 'CastinPlace', '2.jpg', 2, '2018-08-12 01:41:39'),
('P099', 'CastinPlace', '3.jpg', 3, '2018-08-12 01:41:39'),
('P099', 'CastinPlace', '4.jpg', 4, '2018-08-12 01:41:39'),
('P100', 'CastinPlace', '1.jpg', 1, '2018-08-12 01:41:39'),
('P100', 'CastinPlace', '2.jpg', 2, '2018-08-12 01:41:39'),
('P292', 'CastinPlace', '1.jpg', 1, '2018-08-12 01:41:39'),
('P292', 'CastinPlace', '2.jpg', 2, '2018-08-12 01:41:39'),
('P292', 'CastinPlace', '3.jpg', 3, '2018-08-12 01:41:39'),
('P292', 'CastinPlace', '4.jpg', 4, '2018-08-12 01:41:39'),
('P101', 'CastinPlace', '1.jpg', 1, '2018-08-12 01:41:39'),
('P101', 'CastinPlace', '2.jpg', 2, '2018-08-12 01:41:39'),
('P101', 'CastinPlace', '3.jpg', 3, '2018-08-12 01:41:39'),
('P101M', 'CastinPlace', '1.jpg', 1, '2018-08-12 01:41:39'),
('P101M', 'CastinPlace', '2.jpg', 2, '2018-08-12 01:41:39'),
('P101M', 'CastinPlace', '3.jpg', 3, '2018-08-12 01:41:39'),
('P291', 'CastinPlace', '1.jpg', 1, '2018-08-12 01:41:39'),
('P291', 'CastinPlace', '2.jpg', 2, '2018-08-12 01:41:39'),
('P291', 'CastinPlace', '3.jpg', 3, '2018-08-12 01:41:39'),
('P291', 'CastinPlace', '4.jpg', 4, '2018-08-12 01:41:39'),
('P291', 'CastinPlace', '5.jpg', 5, '2018-08-12 01:41:39'),
('P290', 'CastinPlace', '1.jpg', 1, '2018-08-12 01:41:39'),
('P290', 'CastinPlace', '2.jpg', 2, '2018-08-12 01:41:39'),
('P290', 'CastinPlace', '3.jpg', 3, '2018-08-12 01:41:39'),
('P290', 'CastinPlace', '4.jpg', 4, '2018-08-12 01:41:39'),
('P102', 'CastinPlace', '1.jpg', 1, '2018-08-12 01:41:39'),
('P102', 'CastinPlace', '2.jpg', 2, '2018-08-12 01:41:39'),
('P102', 'CastinPlace', '3.jpg', 3, '2018-08-12 01:41:39'),
('P102', 'CastinPlace', '4.jpg', 4, '2018-08-12 01:41:39'),
('P103', 'CastinPlace', '1.jpg', 1, '2018-08-12 01:41:39'),
('P103', 'CastinPlace', '2.jpg', 2, '2018-08-12 01:41:39'),
('P103', 'CastinPlace', '3.jpg', 3, '2018-08-12 01:41:39'),
('P289', 'CastinPlace', '1.jpg', 1, '2018-08-12 01:41:39'),
('P289', 'CastinPlace', '2.jpg', 2, '2018-08-12 01:41:39'),
('P289', 'CastinPlace', '3.jpg', 3, '2018-08-12 01:41:39'),
('P289', 'CastinPlace', '4.jpg', 4, '2018-08-12 01:41:39'),
('P104', 'CastinPlace', '1.jpg', 1, '2018-08-12 01:41:39'),
('P104', 'CastinPlace', '2.jpg', 2, '2018-08-12 01:41:39'),
('P104', 'CastinPlace', '3.jpg', 3, '2018-08-12 01:41:39'),
('P105', 'CastinPlace', '1.jpg', 1, '2018-08-12 01:41:39'),
('P105', 'CastinPlace', '2.jpg', 2, '2018-08-12 01:41:39'),
('P105', 'CastinPlace', '3.jpg', 3, '2018-08-12 01:41:39'),
('P106L-MD', 'CastinPlace', '1.jpg', 1, '2018-08-12 01:41:39'),
('P106L-MD', 'CastinPlace', '4.jpg', 4, '2018-08-12 01:41:39'),
('P288', 'CastinPlace', '1.jpg', 1, '2018-08-12 01:41:39'),
('P288', 'CastinPlace', '2.jpg', 2, '2018-08-12 01:41:39'),
('P288', 'CastinPlace', '3.jpg', 3, '2018-08-12 01:41:39'),
('P288', 'CastinPlace', '4.jpg', 4, '2018-08-12 01:41:39'),
('P287-MD', 'CastinPlace', '1.jpg', 1, '2018-08-12 01:41:39'),
('P287-MD', 'CastinPlace', '2.jpg', 2, '2018-08-12 01:41:39'),
('P287-MD', 'CastinPlace', '3.jpg', 3, '2018-08-12 01:41:39'),
('P287-MD', 'CastinPlace', '4.jpg', 4, '2018-08-12 01:41:39'),
('P287-MD', 'CastinPlace', '5.jpg', 5, '2018-08-12 01:41:39'),
('P286-MD', 'CastinPlace', '1.jpg', 1, '2018-08-12 01:41:39'),
('P286-MD', 'CastinPlace', '2.jpg', 2, '2018-08-12 01:41:39'),
('P286-MD', 'CastinPlace', '3.jpg', 3, '2018-08-12 01:41:39'),
('P286-MD', 'CastinPlace', '4.jpg', 4, '2018-08-12 01:41:39'),
('P107', 'CastinPlace', '1.jpg', 1, '2018-08-12 01:41:39'),
('P107', 'CastinPlace', '2.jpg', 2, '2018-08-12 01:41:39'),
('P108', 'CastinPlace', '1.jpg', 1, '2018-08-12 01:41:39'),
('P108', 'CastinPlace', '2.jpg', 2, '2018-08-12 01:41:39'),
('P108', 'CastinPlace', '3.jpg', 3, '2018-08-12 01:41:39'),
('P285-MD', 'CastinPlace', '1.jpg', 1, '2018-08-12 01:41:39'),
('P285-MD', 'CastinPlace', '2.jpg', 2, '2018-08-12 01:41:39'),
('P285-MD', 'CastinPlace', '3.jpg', 3, '2018-08-12 01:41:39'),
('P285-MD', 'CastinPlace', '4.jpg', 4, '2018-08-12 01:41:39'),
('P109', 'CastinPlace', '1.jpg', 1, '2018-08-12 01:41:39'),
('P109', 'CastinPlace', '2.jpg', 2, '2018-08-12 01:41:39'),
('P110', 'CastinPlace', '1.jpg', 1, '2018-08-12 01:41:39'),
('P110', 'CastinPlace', '2.jpg', 2, '2018-08-12 01:41:39'),
('P111', 'CastinPlace', '1.jpg', 1, '2018-08-12 01:41:39'),
('P111', 'CastinPlace', '2.jpg', 2, '2018-08-12 01:41:39'),
('P284-MD', 'CastinPlace', '1.jpg', 1, '2018-08-12 01:41:39'),
('P284-MD', 'CastinPlace', '2.jpg', 2, '2018-08-12 01:41:39'),
('P284-MD', 'CastinPlace', '3.jpg', 3, '2018-08-12 01:41:39'),
('P283-MD', 'CastinPlace', '1.jpg', 1, '2018-08-12 01:41:39'),
('P283-MD', 'CastinPlace', '2.jpg', 2, '2018-08-12 01:41:39'),
('P283-MD', 'CastinPlace', '3.jpg', 3, '2018-08-12 01:41:39'),
('P282-MD', 'CastinPlace', '1.jpg', 1, '2018-08-12 01:41:39'),
('P282-MD', 'CastinPlace', '2.jpg', 2, '2018-08-12 01:41:39'),
('P282-MD', 'CastinPlace', '3.jpg', 3, '2018-08-12 01:41:39'),
('P281-MD', 'CastinPlace', '1.jpg', 1, '2018-08-12 01:41:39'),
('P281-MD', 'CastinPlace', '2.jpg', 2, '2018-08-12 01:41:39'),
('P281-MD', 'CastinPlace', '3.jpg', 3, '2018-08-12 01:41:39'),
('P112', 'CastinPlace', '1.jpg', 1, '2018-08-12 01:41:39'),
('P112', 'CastinPlace', '2.jpg', 2, '2018-08-12 01:41:39'),
('P280-MD', 'CastinPlace', '1.jpg', 1, '2018-08-12 01:41:39'),
('P280-MD', 'CastinPlace', '2.jpg', 2, '2018-08-12 01:41:39'),
('P280-MD', 'CastinPlace', '3.jpg', 3, '2018-08-12 01:41:39'),
('P113', 'CastinPlace', '1.jpg', 1, '2018-08-12 01:41:39'),
('P113', 'CastinPlace', '2.jpg', 2, '2018-08-12 01:41:39'),
('P114', 'CastinPlace', '1.jpg', 1, '2018-08-12 01:41:39'),
('P114', 'CastinPlace', '2.jpg', 2, '2018-08-12 01:41:39'),
('P115', 'CastinPlace', '1.jpg', 1, '2018-08-12 01:41:39'),
('P115', 'CastinPlace', '2.jpg', 2, '2018-08-12 01:41:39'),
('P115', 'CastinPlace', '3.jpg', 3, '2018-08-12 01:41:39'),
('P279-MD', 'CastinPlace', '1.jpg', 1, '2018-08-12 01:41:39'),
('P279-MD', 'CastinPlace', '2.jpg', 2, '2018-08-12 01:41:39'),
('P279-MD', 'CastinPlace', '3.jpg', 3, '2018-08-12 01:41:39'),
('P115M', 'CastinPlace', '1.jpg', 1, '2018-08-12 01:41:39'),
('P115M', 'CastinPlace', '2.jpg', 2, '2018-08-12 01:41:39'),
('P115M', 'CastinPlace', '3.jpg', 3, '2018-08-12 01:41:39'),
('P116', 'CastinPlace', '1.jpg', 1, '2018-08-12 01:41:39'),
('P116', 'CastinPlace', '2.jpg', 2, '2018-08-12 01:41:39'),
('P116', 'CastinPlace', '3.jpg', 3, '2018-08-12 01:41:39'),
('P116', 'CastinPlace', '4.jpg', 4, '2018-08-12 01:41:39'),
('P117', 'CastinPlace', '1.jpg', 1, '2018-08-12 01:41:39'),
('P117', 'CastinPlace', '2.jpg', 2, '2018-08-12 01:41:39'),
('P117', 'CastinPlace', '3.jpg', 3, '2018-08-12 01:41:39'),
('P118', 'CastinPlace', '1.jpg', 1, '2018-08-12 01:41:39'),
('P118', 'CastinPlace', '2.jpg', 2, '2018-08-12 01:41:39'),
('P119', 'CastinPlace', '1.jpg', 1, '2018-08-12 01:41:39'),
('P119', 'CastinPlace', '2.jpg', 2, '2018-08-12 01:41:39'),
('P120', 'CastinPlace', '1.jpg', 1, '2018-08-12 01:41:39'),
('P120', 'CastinPlace', '2.jpg', 2, '2018-08-12 01:41:39'),
('P121', 'CastinPlace', '1.jpg', 1, '2018-08-12 01:41:39'),
('P121', 'CastinPlace', '2.jpg', 2, '2018-08-12 01:41:39'),
('P122', 'CastinPlace', '1.jpg', 1, '2018-08-12 01:41:39'),
('P122', 'CastinPlace', '2.jpg', 2, '2018-08-12 01:41:39'),
('P123', 'CastinPlace', '1.jpg', 1, '2018-08-12 01:41:39'),
('P123', 'CastinPlace', '2.jpg', 2, '2018-08-12 01:41:39'),
('P123', 'CastinPlace', '3.jpg', 3, '2018-08-12 01:41:39'),
('P123', 'CastinPlace', '4.jpg', 4, '2018-08-12 01:41:39'),
('P124', 'CastinPlace', '1.jpg', 1, '2018-08-12 01:41:39'),
('P124', 'CastinPlace', '2.jpg', 2, '2018-08-12 01:41:39'),
('P125', 'CastinPlace', '1.jpg', 1, '2018-08-12 01:41:39'),
('P125', 'CastinPlace', '2.jpg', 2, '2018-08-12 01:41:39'),
('P125', 'CastinPlace', '3.jpg', 3, '2018-08-12 01:41:39'),
('P126', 'CastinPlace', '1.jpg', 1, '2018-08-12 01:41:39'),
('P126', 'CastinPlace', '2.jpg', 2, '2018-08-12 01:41:39'),
('P126', 'CastinPlace', '3.jpg', 3, '2018-08-12 01:41:39'),
('P127', 'CastinPlace', '1.jpg', 1, '2018-08-12 01:41:39'),
('P127', 'CastinPlace', '2.jpg', 2, '2018-08-12 01:41:39'),
('P127', 'CastinPlace', '3.jpg', 3, '2018-08-12 01:41:39'),
('P128', 'CastinPlace', '1.jpg', 1, '2018-08-12 01:41:39'),
('P128', 'CastinPlace', '2.jpg', 2, '2018-08-12 01:41:39'),
('P128', 'CastinPlace', '3.jpg', 3, '2018-08-12 01:41:39'),
('P130', 'CastinPlace', '1.jpg', 1, '2018-08-12 01:41:39'),
('P130', 'CastinPlace', '2.jpg', 2, '2018-08-12 01:41:39'),
('P130', 'CastinPlace', '3.jpg', 3, '2018-08-12 01:41:39'),
('P131', 'CastinPlace', '1.jpg', 1, '2018-08-12 01:41:39'),
('P131', 'CastinPlace', '2.jpg', 2, '2018-08-12 01:41:39'),
('P131', 'CastinPlace', '3.jpg', 3, '2018-08-12 01:41:39'),
('P132', 'CastinPlace', '1.jpg', 1, '2018-08-12 01:41:39'),
('P132', 'CastinPlace', '2.jpg', 2, '2018-08-12 01:41:39'),
('P132', 'CastinPlace', '3.jpg', 3, '2018-08-12 01:41:39'),
('P133', 'CastinPlace', '1.jpg', 1, '2018-08-12 01:41:39'),
('P133', 'CastinPlace', '2.jpg', 2, '2018-08-12 01:41:39'),
('P133', 'CastinPlace', '3.jpg', 3, '2018-08-12 01:41:39'),
('P134', 'CastinPlace', '1.jpg', 1, '2018-08-12 01:41:39'),
('P134', 'CastinPlace', '2.jpg', 2, '2018-08-12 01:41:39'),
('P134', 'CastinPlace', '3.jpg', 3, '2018-08-12 01:41:39'),
('P135', 'CastinPlace', '1.jpg', 1, '2018-08-12 01:41:39'),
('P135', 'CastinPlace', '2.jpg', 2, '2018-08-12 01:41:39'),
('P136', 'CastinPlace', '1.jpg', 1, '2018-08-12 01:41:39'),
('P136', 'CastinPlace', '2.jpg', 2, '2018-08-12 01:41:39'),
('P136', 'CastinPlace', '3.jpg', 3, '2018-08-12 01:41:39'),
('P137M-MD', 'CastinPlace', '1.jpg', 1, '2018-08-12 01:41:39'),
('P137M-MD', 'CastinPlace', '2.jpg', 2, '2018-08-12 01:41:39'),
('P137M-MD', 'CastinPlace', '3.jpg', 3, '2018-08-12 01:41:39'),
('P138', 'CastinPlace', '1.jpg', 1, '2018-08-12 01:41:39'),
('P138', 'CastinPlace', '2.jpg', 2, '2018-08-12 01:41:39'),
('P138', 'CastinPlace', '3.jpg', 3, '2018-08-12 01:41:39'),
('P139', 'CastinPlace', '1.jpg', 1, '2018-08-12 01:41:39'),
('P139', 'CastinPlace', '2.jpg', 2, '2018-08-12 01:41:39'),
('P139', 'CastinPlace', '3.jpg', 3, '2018-08-12 01:41:39'),
('P140', 'CastinPlace', '1.jpg', 1, '2018-08-12 01:41:39'),
('P140', 'CastinPlace', '2.jpg', 2, '2018-08-12 01:41:39'),
('P140', 'CastinPlace', '3.jpg', 3, '2018-08-12 01:41:39'),
('P141M', 'CastinPlace', '1.jpg', 1, '2018-08-12 01:41:39'),
('P141M', 'CastinPlace', '2.jpg', 2, '2018-08-12 01:41:39'),
('P141M', 'CastinPlace', '3.jpg', 3, '2018-08-12 01:41:39'),
('P142', 'CastinPlace', '1.jpg', 1, '2018-08-12 01:41:39'),
('P142', 'CastinPlace', '2.jpg', 2, '2018-08-12 01:41:39'),
('P142', 'CastinPlace', '3.jpg', 3, '2018-08-12 01:41:39'),
('P143', 'CastinPlace', '1.jpg', 1, '2018-08-12 01:41:39'),
('P143', 'CastinPlace', '2.jpg', 2, '2018-08-12 01:41:39'),
('P143', 'CastinPlace', '3.jpg', 3, '2018-08-12 01:41:39'),
('P144', 'CastinPlace', '1.jpg', 1, '2018-08-12 01:41:39'),
('P144', 'CastinPlace', '2.jpg', 2, '2018-08-12 01:41:39'),
('P144', 'CastinPlace', '3.jpg', 3, '2018-08-12 01:41:39'),
('P145', 'CastinPlace', '1.jpg', 1, '2018-08-12 01:41:39'),
('P145', 'CastinPlace', '2.jpg', 2, '2018-08-12 01:41:39'),
('P145', 'CastinPlace', '3.jpg', 3, '2018-08-12 01:41:39'),
('P146', 'CastinPlace', '1.jpg', 1, '2018-08-12 01:41:39'),
('P146', 'CastinPlace', '2.jpg', 2, '2018-08-12 01:41:39'),
('P146', 'CastinPlace', '3.jpg', 3, '2018-08-12 01:41:39'),
('P147M', 'CastinPlace', '1.jpg', 1, '2018-08-12 01:41:39'),
('P147M', 'CastinPlace', '2.jpg', 2, '2018-08-12 01:41:39'),
('P147M', 'CastinPlace', '3.jpg', 3, '2018-08-12 01:41:39'),
('P148M', 'CastinPlace', '1.jpg', 1, '2018-08-12 01:41:39'),
('P148M', 'CastinPlace', '2.jpg', 2, '2018-08-12 01:41:39'),
('P148M', 'CastinPlace', '3.jpg', 3, '2018-08-12 01:41:39'),
('P149', 'CastinPlace', '1.jpg', 1, '2018-08-12 01:41:39'),
('P149', 'CastinPlace', '2.jpg', 2, '2018-08-12 01:41:39'),
('P149', 'CastinPlace', '3.jpg', 3, '2018-08-12 01:41:39'),
('P150', 'CastinPlace', '1.jpg', 1, '2018-08-12 01:41:39'),
('P150', 'CastinPlace', '2.jpg', 2, '2018-08-12 01:41:39'),
('P150', 'CastinPlace', '3.jpg', 3, '2018-08-12 01:41:39'),
('P151', 'CastinPlace', '1.jpg', 1, '2018-08-12 01:41:39'),
('P151', 'CastinPlace', '2.jpg', 2, '2018-08-12 01:41:39'),
('P151', 'CastinPlace', '3.jpg', 3, '2018-08-12 01:41:39'),
('P152', 'CastinPlace', '1.jpg', 1, '2018-08-12 01:41:39'),
('P152', 'CastinPlace', '2.jpg', 2, '2018-08-12 01:41:39'),
('P152', 'CastinPlace', '3.jpg', 3, '2018-08-12 01:41:39'),
('P153', 'CastinPlace', '1.jpg', 1, '2018-08-12 01:41:39'),
('P153', 'CastinPlace', '2.jpg', 2, '2018-08-12 01:41:39'),
('P153', 'CastinPlace', '3.jpg', 3, '2018-08-12 01:41:39'),
('P154', 'CastinPlace', '1.jpg', 1, '2018-08-12 01:41:39'),
('P154', 'CastinPlace', '2.jpg', 2, '2018-08-12 01:41:39'),
('P154', 'CastinPlace', '3.jpg', 3, '2018-08-12 01:41:39'),
('P155', 'CastinPlace', '1.jpg', 1, '2018-08-12 01:41:39'),
('P155', 'CastinPlace', '2.jpg', 2, '2018-08-12 01:41:39'),
('P155', 'CastinPlace', '3.jpg', 3, '2018-08-12 01:41:39'),
('P156M', 'CastinPlace', '1.jpg', 1, '2018-08-12 01:41:39'),
('P156M', 'CastinPlace', '2.jpg', 2, '2018-08-12 01:41:39'),
('P156M', 'CastinPlace', '3.jpg', 3, '2018-08-12 01:41:39'),
('P157', 'CastinPlace', '1.jpg', 1, '2018-08-12 01:41:39'),
('P157', 'CastinPlace', '2.jpg', 2, '2018-08-12 01:41:39'),
('P157', 'CastinPlace', '3.jpg', 3, '2018-08-12 01:41:39'),
('P158', 'CastinPlace', '1.jpg', 1, '2018-08-12 01:41:39'),
('P158', 'CastinPlace', '2.jpg', 2, '2018-08-12 01:41:39'),
('P158', 'CastinPlace', '3.jpg', 3, '2018-08-12 01:41:39'),
('P159', 'CastinPlace', '1.jpg', 1, '2018-08-12 01:41:39'),
('P159', 'CastinPlace', '2.jpg', 2, '2018-08-12 01:41:39'),
('P159', 'CastinPlace', '3.jpg', 3, '2018-08-12 01:41:39'),
('P160', 'CastinPlace', '1.jpg', 1, '2018-08-12 01:41:39'),
('P160', 'CastinPlace', '2.jpg', 2, '2018-08-12 01:41:39'),
('P160', 'CastinPlace', '3.jpg', 3, '2018-08-12 01:41:39'),
('P161', 'CastinPlace', '1.jpg', 1, '2018-08-12 01:41:39'),
('P161', 'CastinPlace', '2.jpg', 2, '2018-08-12 01:41:39'),
('P161', 'CastinPlace', '3.jpg', 3, '2018-08-12 01:41:39'),
('P161', 'CastinPlace', '4.jpg', 4, '2018-08-12 01:41:39'),
('P161', 'CastinPlace', '5.jpg', 5, '2018-08-12 01:41:39'),
('P162', 'CastinPlace', '1.jpg', 1, '2018-08-12 01:41:39'),
('P162', 'CastinPlace', '2.jpg', 2, '2018-08-12 01:41:39'),
('P162', 'CastinPlace', '3.jpg', 3, '2018-08-12 01:41:39'),
('P163', 'CastinPlace', '1.jpg', 1, '2018-08-12 01:41:39'),
('P163', 'CastinPlace', '2.jpg', 2, '2018-08-12 01:41:39'),
('P163', 'CastinPlace', '3.jpg', 3, '2018-08-12 01:41:39'),
('P164', 'CastinPlace', '1.jpg', 1, '2018-08-12 01:41:39'),
('P164', 'CastinPlace', '2.jpg', 2, '2018-08-12 01:41:39'),
('P164', 'CastinPlace', '3.jpg', 3, '2018-08-12 01:41:39'),
('P165', 'CastinPlace', '1.jpg', 1, '2018-08-12 01:41:39'),
('P165', 'CastinPlace', '2.jpg', 2, '2018-08-12 01:41:39'),
('P165', 'CastinPlace', '3.jpg', 3, '2018-08-12 01:41:39'),
('P166', 'CastinPlace', '1.jpg', 1, '2018-08-12 01:41:39'),
('P166', 'CastinPlace', '2.jpg', 2, '2018-08-12 01:41:39'),
('P166', 'CastinPlace', '3.jpg', 3, '2018-08-12 01:41:39'),
('P166', 'CastinPlace', '4.jpg', 4, '2018-08-12 01:41:39'),
('P167', 'CastinPlace', '1.jpg', 1, '2018-08-12 01:41:39'),
('P167', 'CastinPlace', '2.jpg', 2, '2018-08-12 01:41:39'),
('P167', 'CastinPlace', '3.jpg', 3, '2018-08-12 01:41:39'),
('P168', 'CastinPlace', '1.jpg', 1, '2018-08-12 01:41:39'),
('P168', 'CastinPlace', '2.jpg', 2, '2018-08-12 01:41:39'),
('P168', 'CastinPlace', '3.jpg', 3, '2018-08-12 01:41:39'),
('P169', 'CastinPlace', '1.jpg', 1, '2018-08-12 01:41:39'),
('P169', 'CastinPlace', '2.jpg', 2, '2018-08-12 01:41:39'),
('P169', 'CastinPlace', '3.jpg', 3, '2018-08-12 01:41:39'),
('P170', 'CastinPlace', '1.jpg', 1, '2018-08-12 01:41:39'),
('P170', 'CastinPlace', '2.jpg', 2, '2018-08-12 01:41:39'),
('P170', 'CastinPlace', '3.jpg', 3, '2018-08-12 01:41:39'),
('P171', 'CastinPlace', '1.jpg', 1, '2018-08-12 01:41:39'),
('P171', 'CastinPlace', '2.jpg', 2, '2018-08-12 01:41:39'),
('P171', 'CastinPlace', '3.jpg', 3, '2018-08-12 01:41:39'),
('P172', 'CastinPlace', '1.jpg', 1, '2018-08-12 01:41:39'),
('P172', 'CastinPlace', '2.jpg', 2, '2018-08-12 01:41:39'),
('P172', 'CastinPlace', '3.jpg', 3, '2018-08-12 01:41:39'),
('P173', 'CastinPlace', '1.jpg', 1, '2018-08-12 01:41:39'),
('P173', 'CastinPlace', '2.jpg', 2, '2018-08-12 01:41:39'),
('P173', 'CastinPlace', '3.jpg', 3, '2018-08-12 01:41:39'),
('P174LL', 'CastinPlace', '1.jpg', 1, '2018-08-12 01:41:39'),
('P174LL', 'CastinPlace', '2.jpg', 2, '2018-08-12 01:41:39'),
('P174LL', 'CastinPlace', '3.jpg', 3, '2018-08-12 01:41:39'),
('P175L(MD)', 'CastinPlace', '1.jpg', 1, '2018-08-12 01:41:39'),
('P175L(MD)', 'CastinPlace', '2.jpg', 2, '2018-08-12 01:41:39'),
('P175L(MD)', 'CastinPlace', '3.jpg', 3, '2018-08-12 01:41:39'),
('P175L(MD)', 'CastinPlace', '4.jpg', 4, '2018-08-12 01:41:39'),
('P176', 'CastinPlace', '1.jpg', 1, '2018-08-12 01:41:39'),
('P176', 'CastinPlace', '2.jpg', 2, '2018-08-12 01:41:39'),
('P176', 'CastinPlace', '3.jpg', 3, '2018-08-12 01:41:39'),
('P177L', 'CastinPlace', '1.jpg', 1, '2018-08-12 01:41:39'),
('P177L', 'CastinPlace', '2.jpg', 2, '2018-08-12 01:41:39'),
('P177L', 'CastinPlace', '3.jpg', 3, '2018-08-12 01:41:39'),
('P178', 'CastinPlace', '1.jpg', 1, '2018-08-12 01:41:39'),
('P178', 'CastinPlace', '2.jpg', 2, '2018-08-12 01:41:39'),
('P178', 'CastinPlace', '3.jpg', 3, '2018-08-12 01:41:39'),
('P179', 'CastinPlace', '1.jpg', 1, '2018-08-12 01:41:39'),
('P179', 'CastinPlace', '2.jpg', 2, '2018-08-12 01:41:39'),
('P179', 'CastinPlace', '3.jpg', 3, '2018-08-12 01:41:39'),
('P180L-MD', 'CastinPlace', '1.jpg', 1, '2018-08-12 01:41:39'),
('P180L-MD', 'CastinPlace', '2.jpg', 2, '2018-08-12 01:41:39'),
('P180L-MD', 'CastinPlace', '3.jpg', 3, '2018-08-12 01:41:39'),
('P181', 'CastinPlace', '1.jpg', 1, '2018-08-12 01:41:39'),
('P181', 'CastinPlace', '2.jpg', 2, '2018-08-12 01:41:39'),
('P181', 'CastinPlace', '3.jpg', 3, '2018-08-12 01:41:39'),
('P182', 'CastinPlace', '1.jpg', 1, '2018-08-12 01:41:39'),
('P182', 'CastinPlace', '2.jpg', 2, '2018-08-12 01:41:39'),
('P182', 'CastinPlace', '3.jpg', 3, '2018-08-12 01:41:39'),
('P183', 'CastinPlace', '1.jpg', 1, '2018-08-12 01:41:39');
INSERT INTO `home_pic` (`product_id`, `home_type`, `name_pic`, `show_order_pic`, `pic_date`) VALUES
('P183', 'CastinPlace', '2.jpg', 2, '2018-08-12 01:41:39'),
('P183', 'CastinPlace', '3.jpg', 3, '2018-08-12 01:41:39'),
('P184', 'CastinPlace', '1.jpg', 1, '2018-08-12 01:41:39'),
('P184', 'CastinPlace', '2.jpg', 2, '2018-08-12 01:41:39'),
('P184', 'CastinPlace', '3.jpg', 3, '2018-08-12 01:41:39'),
('P185', 'CastinPlace', '1.jpg', 1, '2018-08-12 01:41:39'),
('P185', 'CastinPlace', '2.jpg', 2, '2018-08-12 01:41:39'),
('P185', 'CastinPlace', '3.jpg', 3, '2018-08-12 01:41:39'),
('P186', 'CastinPlace', '1.jpg', 1, '2018-08-12 01:41:39'),
('P186', 'CastinPlace', '2.jpg', 2, '2018-08-12 01:41:39'),
('P186', 'CastinPlace', '3.jpg', 3, '2018-08-12 01:41:39'),
('P187', 'CastinPlace', '1.jpg', 1, '2018-08-12 01:41:39'),
('P187', 'CastinPlace', '2.jpg', 2, '2018-08-12 01:41:39'),
('P187', 'CastinPlace', '3.jpg', 3, '2018-08-12 01:41:39'),
('P188', 'CastinPlace', '1.jpg', 1, '2018-08-12 01:41:39'),
('P188', 'CastinPlace', '2.jpg', 2, '2018-08-12 01:41:39'),
('P188', 'CastinPlace', '3.jpg', 3, '2018-08-12 01:41:39'),
('P189', 'CastinPlace', '1.jpg', 1, '2018-08-12 01:41:39'),
('P189', 'CastinPlace', '2.jpg', 2, '2018-08-12 01:41:39'),
('P189', 'CastinPlace', '3.jpg', 3, '2018-08-12 01:41:39'),
('P189', 'CastinPlace', '4.jpg', 4, '2018-08-12 01:41:39'),
('P190', 'CastinPlace', '1.jpg', 1, '2018-08-12 01:41:39'),
('P190', 'CastinPlace', '2.jpg', 2, '2018-08-12 01:41:39'),
('P190', 'CastinPlace', '3.jpg', 3, '2018-08-12 01:41:39'),
('P190', 'CastinPlace', '4.jpg', 4, '2018-08-12 01:41:39'),
('P191', 'CastinPlace', '1.jpg', 1, '2018-08-12 01:41:39'),
('P191', 'CastinPlace', '2.jpg', 2, '2018-08-12 01:41:39'),
('P191', 'CastinPlace', '3.jpg', 3, '2018-08-12 01:41:39'),
('P192', 'CastinPlace', '1.jpg', 1, '2018-08-12 01:41:39'),
('P192', 'CastinPlace', '2.jpg', 2, '2018-08-12 01:41:39'),
('P192', 'CastinPlace', '3.jpg', 3, '2018-08-12 01:41:39'),
('P193L-MD', 'CastinPlace', '1.jpg', 1, '2018-08-12 01:41:39'),
('P193L-MD', 'CastinPlace', '2.jpg', 2, '2018-08-12 01:41:39'),
('P193L-MD', 'CastinPlace', '3.jpg', 3, '2018-08-12 01:41:39'),
('P194.1LL', 'CastinPlace', '1.jpg', 1, '2018-08-12 01:41:39'),
('P194.1LL', 'CastinPlace', '2.jpg', 2, '2018-08-12 01:41:39'),
('P194.1LL', 'CastinPlace', '3.jpg', 3, '2018-08-12 01:41:39'),
('P194.2L', 'CastinPlace', '1.jpg', 1, '2018-08-12 01:41:39'),
('P194.2L', 'CastinPlace', '2.jpg', 2, '2018-08-12 01:41:39'),
('P194.2L', 'CastinPlace', '3.jpg', 3, '2018-08-12 01:41:39'),
('P194.2L', 'CastinPlace', '4.jpg', 4, '2018-08-12 01:41:39'),
('P194M', 'CastinPlace', '1.jpg', 1, '2018-08-12 01:41:39'),
('P194M', 'CastinPlace', '2.jpg', 2, '2018-08-12 01:41:39'),
('P194M', 'CastinPlace', '3.jpg', 3, '2018-08-12 01:41:39'),
('P195', 'CastinPlace', '1.jpg', 1, '2018-08-12 01:41:39'),
('P195', 'CastinPlace', '2.jpg', 2, '2018-08-12 01:41:39'),
('P195', 'CastinPlace', '3.jpg', 3, '2018-08-12 01:41:39'),
('P196', 'CastinPlace', '1.jpg', 1, '2018-08-12 01:41:39'),
('P196', 'CastinPlace', '2.jpg', 2, '2018-08-12 01:41:39'),
('P196', 'CastinPlace', '3.jpg', 3, '2018-08-12 01:41:39'),
('P197', 'CastinPlace', '1.jpg', 1, '2018-08-12 01:41:39'),
('P197', 'CastinPlace', '2.jpg', 2, '2018-08-12 01:41:39'),
('P197', 'CastinPlace', '3.jpg', 3, '2018-08-12 01:41:39'),
('P198', 'CastinPlace', '1.jpg', 1, '2018-08-12 01:41:39'),
('P198', 'CastinPlace', '2.jpg', 2, '2018-08-12 01:41:39'),
('P198', 'CastinPlace', '3.jpg', 3, '2018-08-12 01:41:39'),
('P199', 'CastinPlace', '1.jpg', 1, '2018-08-12 01:41:39'),
('P199', 'CastinPlace', '2.jpg', 2, '2018-08-12 01:41:39'),
('P199', 'CastinPlace', '3.jpg', 3, '2018-08-12 01:41:39'),
('P200M', 'CastinPlace', '1.jpg', 1, '2018-08-12 01:41:39'),
('P200M', 'CastinPlace', '2.jpg', 2, '2018-08-12 01:41:39'),
('P200M', 'CastinPlace', '3.jpg', 3, '2018-08-12 01:41:39'),
('P277-MD', 'CastinPlace', '1.jpg', 1, '2018-08-12 01:41:39'),
('P277-MD', 'CastinPlace', '2.jpg', 2, '2018-08-12 01:41:39'),
('P277-MD', 'CastinPlace', '3.jpg', 3, '2018-08-12 01:41:39'),
('P277-MD', 'CastinPlace', '4.jpg', 4, '2018-08-12 01:41:39'),
('P276-MD', 'CastinPlace', '1.jpg', 1, '2018-08-12 01:41:39'),
('P276-MD', 'CastinPlace', '2.jpg', 2, '2018-08-12 01:41:39'),
('P276-MD', 'CastinPlace', '3.jpg', 3, '2018-08-12 01:41:39'),
('P276-MD', 'CastinPlace', '4.jpg', 4, '2018-08-12 01:41:39'),
('P276-MD', 'CastinPlace', '5.jpg', 5, '2018-08-12 01:41:39'),
('P276-MD', 'CastinPlace', '6.jpg', 6, '2018-08-12 01:41:39'),
('P276-MD', 'CastinPlace', '7.jpg', 7, '2018-08-12 01:41:39'),
('P276-MD', 'CastinPlace', '8.jpg', 8, '2018-08-12 01:41:39'),
('P275.2', 'CastinPlace', '1.jpg', 1, '2018-08-12 01:41:39'),
('P275.2', 'CastinPlace', '2.jpg', 2, '2018-08-12 01:41:39'),
('P275.2', 'CastinPlace', '3.jpg', 3, '2018-08-12 01:41:39'),
('P275.2', 'CastinPlace', '4.jpg', 4, '2018-08-12 01:41:39'),
('P275.1', 'CastinPlace', '1.jpg', 1, '2018-08-12 01:41:39'),
('P275.1', 'CastinPlace', '2.jpg', 2, '2018-08-12 01:41:39'),
('P275.1', 'CastinPlace', '3.jpg', 3, '2018-08-12 01:41:39'),
('P275.1', 'CastinPlace', '4.jpg', 4, '2018-08-12 01:41:39'),
('P275-MD', 'CastinPlace', '1.jpg', 1, '2018-08-12 01:41:39'),
('P275-MD', 'CastinPlace', '2.jpg', 2, '2018-08-12 01:41:39'),
('P275-MD', 'CastinPlace', '3.jpg', 3, '2018-08-12 01:41:39'),
('P274.1', 'CastinPlace', '1.jpg', 1, '2018-08-12 01:41:39'),
('P274.1', 'CastinPlace', '2.jpg', 2, '2018-08-12 01:41:39'),
('P274.1', 'CastinPlace', '3.jpg', 3, '2018-08-12 01:41:39'),
('P274-MD', 'CastinPlace', '1.jpg', 1, '2018-08-12 01:41:39'),
('P274-MD', 'CastinPlace', '2.jpg', 2, '2018-08-12 01:41:39'),
('P274-MD', 'CastinPlace', '3.jpg', 3, '2018-08-12 01:41:39'),
('P273.1', 'CastinPlace', '1.jpg', 1, '2018-08-12 01:41:39'),
('P273.1', 'CastinPlace', '2.jpg', 2, '2018-08-12 01:41:39'),
('P273.1', 'CastinPlace', '3.jpg', 3, '2018-08-12 01:41:39'),
('P273-MD', 'CastinPlace', '1.jpg', 1, '2018-08-12 01:41:39'),
('P273-MD', 'CastinPlace', '2.jpg', 2, '2018-08-12 01:41:39'),
('P273-MD', 'CastinPlace', '3.jpg', 3, '2018-08-12 01:41:39'),
('P272-MD', 'CastinPlace', '1.jpg', 1, '2018-08-12 01:41:39'),
('P272-MD', 'CastinPlace', '2.jpg', 2, '2018-08-12 01:41:39'),
('P272-MD', 'CastinPlace', '3.jpg', 3, '2018-08-12 01:41:39'),
('P271', 'CastinPlace', '1.jpg', 1, '2018-08-12 01:41:39'),
('P270', 'CastinPlace', '1.jpg', 1, '2018-08-12 01:41:39'),
('P270', 'CastinPlace', '2.jpg', 2, '2018-08-12 01:41:39'),
('P270', 'CastinPlace', '3.jpg', 3, '2018-08-12 01:41:39'),
('P270', 'CastinPlace', '4.jpg', 4, '2018-08-12 01:41:39'),
('P269', 'CastinPlace', '1.jpg', 1, '2018-08-12 01:41:39'),
('P268', 'CastinPlace', '1.jpg', 1, '2018-08-12 01:41:39'),
('P268', 'CastinPlace', '2.jpg', 2, '2018-08-12 01:41:39'),
('P268', 'CastinPlace', '3.jpg', 3, '2018-08-12 01:41:39'),
('P268', 'CastinPlace', '4.jpg', 4, '2018-08-12 01:41:39'),
('P267', 'CastinPlace', '1.jpg', 1, '2018-08-12 01:41:39'),
('P267', 'CastinPlace', '2.jpg', 2, '2018-08-12 01:41:39'),
('P267', 'CastinPlace', '3.jpg', 3, '2018-08-12 01:41:39'),
('P266', 'CastinPlace', '1.jpg', 1, '2018-08-12 01:41:39'),
('P266', 'CastinPlace', '2.jpg', 2, '2018-08-12 01:41:39'),
('P266', 'CastinPlace', '3.jpg', 3, '2018-08-12 01:41:39'),
('P265', 'CastinPlace', '1.jpg', 1, '2018-08-12 01:41:39'),
('P265', 'CastinPlace', '2.jpg', 2, '2018-08-12 01:41:39'),
('P265', 'CastinPlace', '3.jpg', 3, '2018-08-12 01:41:39'),
('P264', 'CastinPlace', '1.jpg', 1, '2018-08-12 01:41:39'),
('P263-MD', 'CastinPlace', '1.jpg', 1, '2018-08-12 01:41:39'),
('P263-MD', 'CastinPlace', '2.jpg', 2, '2018-08-12 01:41:39'),
('P263-MD', 'CastinPlace', '3.jpg', 3, '2018-08-12 01:41:39'),
('P263-MD', 'CastinPlace', '4.jpg', 4, '2018-08-12 01:41:39'),
('P262-MD', 'CastinPlace', '1.jpg', 1, '2018-08-12 01:41:39'),
('P262-MD', 'CastinPlace', '2.jpg', 2, '2018-08-12 01:41:39'),
('P262-MD', 'CastinPlace', '3.jpg', 3, '2018-08-12 01:41:39'),
('P261.1', 'CastinPlace', '1.jpg', 1, '2018-08-12 01:41:39'),
('P261.1', 'CastinPlace', '2.jpg', 2, '2018-08-12 01:41:39'),
('P261.1', 'CastinPlace', '3.jpg', 3, '2018-08-12 01:41:39'),
('P261.1', 'CastinPlace', '4.jpg', 4, '2018-08-12 01:41:39'),
('P261-MD', 'CastinPlace', '1.jpg', 1, '2018-08-12 01:41:39'),
('P261-MD', 'CastinPlace', '2.jpg', 2, '2018-08-12 01:41:39'),
('P261-MD', 'CastinPlace', '3.jpg', 3, '2018-08-12 01:41:39'),
('P260-MD', 'CastinPlace', '1.jpg', 1, '2018-08-12 01:41:39'),
('P260-MD', 'CastinPlace', '2.jpg', 2, '2018-08-12 01:41:39'),
('P260-MD', 'CastinPlace', '3.jpg', 3, '2018-08-12 01:41:39'),
('P259-MD', 'CastinPlace', '1.jpg', 1, '2018-08-12 01:41:39'),
('P259-MD', 'CastinPlace', '2.jpg', 2, '2018-08-12 01:41:39'),
('P259-MD', 'CastinPlace', '3.jpg', 3, '2018-08-12 01:41:39'),
('P258-MD', 'CastinPlace', '1.jpg', 1, '2018-08-12 01:41:39'),
('P258-MD', 'CastinPlace', '2.jpg', 2, '2018-08-12 01:41:39'),
('P258-MD', 'CastinPlace', '3.jpg', 3, '2018-08-12 01:41:39'),
('P258-MD', 'CastinPlace', '4.jpg', 4, '2018-08-12 01:41:39'),
('P258-MD', 'CastinPlace', '5.jpg', 5, '2018-08-12 01:41:39'),
('P257-MD', 'CastinPlace', '1.jpg', 1, '2018-08-12 01:41:39'),
('P257-MD', 'CastinPlace', '2.jpg', 2, '2018-08-12 01:41:39'),
('P257-MD', 'CastinPlace', '3.jpg', 3, '2018-08-12 01:41:39'),
('P256-MD', 'CastinPlace', '1.jpg', 1, '2018-08-12 01:41:39'),
('P256-MD', 'CastinPlace', '2.jpg', 2, '2018-08-12 01:41:39'),
('P256-MD', 'CastinPlace', '3.jpg', 3, '2018-08-12 01:41:39'),
('P256-MD', 'CastinPlace', '4.jpg', 4, '2018-08-12 01:41:39'),
('P255', 'CastinPlace', '1.jpg', 1, '2018-08-12 01:41:39'),
('P255', 'CastinPlace', '2.jpg', 2, '2018-08-12 01:41:39'),
('P255', 'CastinPlace', '3.jpg', 3, '2018-08-12 01:41:39'),
('P254', 'CastinPlace', '1.jpg', 1, '2018-08-12 01:41:39'),
('P254', 'CastinPlace', '2.jpg', 2, '2018-08-12 01:41:39'),
('P254', 'CastinPlace', '3.jpg', 3, '2018-08-12 01:41:39'),
('P254', 'CastinPlace', '4.jpg', 4, '2018-08-12 01:41:39'),
('P253-MD', 'CastinPlace', '1.jpg', 1, '2018-08-12 01:41:39'),
('P253-MD', 'CastinPlace', '2.jpg', 2, '2018-08-12 01:41:39'),
('P253-MD', 'CastinPlace', '3.jpg', 3, '2018-08-12 01:41:39'),
('P252.1', 'CastinPlace', '1.jpg', 1, '2018-08-12 01:41:39'),
('P252.1', 'CastinPlace', '2.jpg', 2, '2018-08-12 01:41:39'),
('P252.1', 'CastinPlace', '3.jpg', 3, '2018-08-12 01:41:39'),
('P252.1', 'CastinPlace', '4.jpg', 4, '2018-08-12 01:41:39'),
('P252-MD', 'CastinPlace', '1.jpg', 1, '2018-08-12 01:41:39'),
('P251-MD', 'CastinPlace', '1.jpg', 1, '2018-08-12 01:41:39'),
('P251-MD', 'CastinPlace', '2.jpg', 2, '2018-08-12 01:41:39'),
('P251-MD', 'CastinPlace', '3.jpg', 3, '2018-08-12 01:41:39'),
('P250M', 'CastinPlace', '1.jpg', 1, '2018-08-12 01:41:39'),
('P250M', 'CastinPlace', '2.jpg', 2, '2018-08-12 01:41:39'),
('P250M', 'CastinPlace', '3.jpg', 3, '2018-08-12 01:41:39'),
('P249M', 'CastinPlace', '1.jpg', 1, '2018-08-12 01:41:39'),
('P249M', 'CastinPlace', '2.jpg', 2, '2018-08-12 01:41:39'),
('P249M', 'CastinPlace', '3.jpg', 3, '2018-08-12 01:41:39'),
('P249M', 'CastinPlace', '4.jpg', 4, '2018-08-12 01:41:39'),
('P249M', 'CastinPlace', '5.jpg', 5, '2018-08-12 01:41:39'),
('P249M', 'CastinPlace', '6.jpg', 6, '2018-08-12 01:41:39'),
('P248M', 'CastinPlace', '1.jpg', 1, '2018-08-12 01:41:39'),
('P248M', 'CastinPlace', '2.jpg', 2, '2018-08-12 01:41:39'),
('P248M', 'CastinPlace', '3.jpg', 3, '2018-08-12 01:41:39'),
('P247M-MD', 'CastinPlace', '1.jpg', 1, '2018-08-12 01:41:39'),
('P247M-MD', 'CastinPlace', '2.jpg', 2, '2018-08-12 01:41:39'),
('P247M-MD', 'CastinPlace', '3.jpg', 3, '2018-08-12 01:41:39'),
('P246M', 'CastinPlace', '1.jpg', 1, '2018-08-12 01:41:39'),
('P246M', 'CastinPlace', '2.jpg', 2, '2018-08-12 01:41:39'),
('P246M', 'CastinPlace', '3.jpg', 3, '2018-08-12 01:41:39'),
('P245M', 'CastinPlace', '1.jpg', 1, '2018-08-12 01:41:39'),
('P244M', 'CastinPlace', '1.jpg', 1, '2018-08-12 01:41:39'),
('P244M', 'CastinPlace', '2.jpg', 2, '2018-08-12 01:41:39'),
('P244M', 'CastinPlace', '3.jpg', 3, '2018-08-12 01:41:39'),
('P244M', 'CastinPlace', '4.jpg', 4, '2018-08-12 01:41:39'),
('P243M', 'CastinPlace', '1.jpg', 1, '2018-08-12 01:41:39'),
('P243M', 'CastinPlace', '2.jpg', 2, '2018-08-12 01:41:39'),
('P243M', 'CastinPlace', '3.jpg', 3, '2018-08-12 01:41:39'),
('P242M-MD', 'CastinPlace', '1.jpg', 1, '2018-08-12 01:41:39'),
('P242M-MD', 'CastinPlace', '2.jpg', 2, '2018-08-12 01:41:39'),
('P242M-MD', 'CastinPlace', '3.jpg', 3, '2018-08-12 01:41:39'),
('P241M-MD', 'CastinPlace', '1.jpg', 1, '2018-08-12 01:41:39'),
('P241M-MD', 'CastinPlace', '2.jpg', 2, '2018-08-12 01:41:39'),
('P241M-MD', 'CastinPlace', '3.jpg', 3, '2018-08-12 01:41:39'),
('P240M', 'CastinPlace', '1.jpg', 1, '2018-08-12 01:41:39'),
('P240M', 'CastinPlace', '2.jpg', 2, '2018-08-12 01:41:39'),
('P240M', 'CastinPlace', '3.jpg', 3, '2018-08-12 01:41:39'),
('P239-MD', 'CastinPlace', '1.jpg', 1, '2018-08-12 01:41:39'),
('P239-MD', 'CastinPlace', '2.jpg', 2, '2018-08-12 01:41:39'),
('P239-MD', 'CastinPlace', '3.jpg', 3, '2018-08-12 01:41:39'),
('P238-MD', 'CastinPlace', '1.jpg', 1, '2018-08-12 01:41:39'),
('P238-MD', 'CastinPlace', '2.jpg', 2, '2018-08-12 01:41:39'),
('P238-MD', 'CastinPlace', '3.jpg', 3, '2018-08-12 01:41:39'),
('P237', 'CastinPlace', '1.jpg', 1, '2018-08-12 01:41:39'),
('P237', 'CastinPlace', '2.jpg', 2, '2018-08-12 01:41:39'),
('P237', 'CastinPlace', '3.jpg', 3, '2018-08-12 01:41:39'),
('P236-MD', 'CastinPlace', '1.jpg', 1, '2018-08-12 01:41:39'),
('P236-MD', 'CastinPlace', '2.jpg', 2, '2018-08-12 01:41:39'),
('P236-MD', 'CastinPlace', '3.jpg', 3, '2018-08-12 01:41:39'),
('P235-MD', 'CastinPlace', '1.jpg', 1, '2018-08-12 01:41:39'),
('P235-MD', 'CastinPlace', '2.jpg', 2, '2018-08-12 01:41:39'),
('P235-MD', 'CastinPlace', '3.jpg', 3, '2018-08-12 01:41:39'),
('P234-MD', 'CastinPlace', '1.jpg', 1, '2018-08-12 01:41:39'),
('P234-MD', 'CastinPlace', '2.jpg', 2, '2018-08-12 01:41:39'),
('P234-MD', 'CastinPlace', '3.jpg', 3, '2018-08-12 01:41:39'),
('P233-MD', 'CastinPlace', '1.jpg', 1, '2018-08-12 01:41:39'),
('P233-MD', 'CastinPlace', '2.jpg', 2, '2018-08-12 01:41:39'),
('P233-MD', 'CastinPlace', '3.jpg', 3, '2018-08-12 01:41:39'),
('P233-MD', 'CastinPlace', '4.jpg', 4, '2018-08-12 01:41:39'),
('P232-MD', 'CastinPlace', '1.jpg', 1, '2018-08-12 01:41:39'),
('P232-MD', 'CastinPlace', '2.jpg', 2, '2018-08-12 01:41:39'),
('P232-MD', 'CastinPlace', '3.jpg', 3, '2018-08-12 01:41:39'),
('P232-MD', 'CastinPlace', '4.jpg', 4, '2018-08-12 01:41:39'),
('P231.2', 'CastinPlace', '1.jpg', 1, '2018-08-12 01:41:39'),
('P231.2', 'CastinPlace', '2.jpg', 2, '2018-08-12 01:41:39'),
('P231.2', 'CastinPlace', '3.jpg', 3, '2018-08-12 01:41:39'),
('P231.1', 'CastinPlace', '1.jpg', 1, '2018-08-12 01:41:39'),
('P231.1', 'CastinPlace', '2.jpg', 2, '2018-08-12 01:41:39'),
('P231.1', 'CastinPlace', '3.jpg', 3, '2018-08-12 01:41:39'),
('P231-MD', 'CastinPlace', '1.jpg', 1, '2018-08-12 01:41:39'),
('P231-MD', 'CastinPlace', '2.jpg', 2, '2018-08-12 01:41:39'),
('P231-MD', 'CastinPlace', '3.jpg', 3, '2018-08-12 01:41:39'),
('P230L-MD', 'CastinPlace', '1.jpg', 1, '2018-08-12 01:41:39'),
('P230L-MD', 'CastinPlace', '2.jpg', 2, '2018-08-12 01:41:39'),
('P230L-MD', 'CastinPlace', '3.jpg', 3, '2018-08-12 01:41:39'),
('P229L', 'CastinPlace', '1.jpg', 1, '2018-08-12 01:41:39'),
('P229L', 'CastinPlace', '2.jpg', 2, '2018-08-12 01:41:39'),
('P229L', 'CastinPlace', '3.jpg', 3, '2018-08-12 01:41:39'),
('P228M', 'CastinPlace', '1.jpg', 1, '2018-08-12 01:41:39'),
('P228M', 'CastinPlace', '2.jpg', 2, '2018-08-12 01:41:39'),
('P228M', 'CastinPlace', '3.jpg', 3, '2018-08-12 01:41:39'),
('P227', 'CastinPlace', '1.jpg', 1, '2018-08-12 01:41:39'),
('P227', 'CastinPlace', '2.jpg', 2, '2018-08-12 01:41:39'),
('P227', 'CastinPlace', '3.jpg', 3, '2018-08-12 01:41:39'),
('P227', 'CastinPlace', '4.jpg', 4, '2018-08-12 01:41:39'),
('P226', 'CastinPlace', '1.jpg', 1, '2018-08-12 01:41:39'),
('P226', 'CastinPlace', '2.jpg', 2, '2018-08-12 01:41:39'),
('P226', 'CastinPlace', '3.jpg', 3, '2018-08-12 01:41:39'),
('P225', 'CastinPlace', '1.jpg', 1, '2018-08-12 01:41:39'),
('P225', 'CastinPlace', '2.jpg', 2, '2018-08-12 01:41:39'),
('P225', 'CastinPlace', '3.jpg', 3, '2018-08-12 01:41:39'),
('P224', 'CastinPlace', '1.jpg', 1, '2018-08-12 01:41:39'),
('P224', 'CastinPlace', '2.jpg', 2, '2018-08-12 01:41:39'),
('P224', 'CastinPlace', '3.jpg', 3, '2018-08-12 01:41:39'),
('P223', 'CastinPlace', '1.jpg', 1, '2018-08-12 01:41:39'),
('P223', 'CastinPlace', '2.jpg', 2, '2018-08-12 01:41:39'),
('P223', 'CastinPlace', '3.jpg', 3, '2018-08-12 01:41:39'),
('P222', 'CastinPlace', '1.jpg', 1, '2018-08-12 01:41:39'),
('P222', 'CastinPlace', '2.jpg', 2, '2018-08-12 01:41:39'),
('P222', 'CastinPlace', '3.jpg', 3, '2018-08-12 01:41:39'),
('P221', 'CastinPlace', '1.jpg', 1, '2018-08-12 01:41:39'),
('P221', 'CastinPlace', '2.jpg', 2, '2018-08-12 01:41:39'),
('P221', 'CastinPlace', '3.jpg', 3, '2018-08-12 01:41:39'),
('P220', 'CastinPlace', '1.jpg', 1, '2018-08-12 01:41:39'),
('P220', 'CastinPlace', '2.jpg', 2, '2018-08-12 01:41:39'),
('P220', 'CastinPlace', '3.jpg', 3, '2018-08-12 01:41:39'),
('P219', 'CastinPlace', '1.jpg', 1, '2018-08-12 01:41:39'),
('P219', 'CastinPlace', '2.jpg', 2, '2018-08-12 01:41:39'),
('P219', 'CastinPlace', '3.jpg', 3, '2018-08-12 01:41:39'),
('P218', 'CastinPlace', '1.jpg', 1, '2018-08-12 01:41:39'),
('P218', 'CastinPlace', '2.jpg', 2, '2018-08-12 01:41:39'),
('P218', 'CastinPlace', '3.jpg', 3, '2018-08-12 01:41:39'),
('P218', 'CastinPlace', '4.jpg', 4, '2018-08-12 01:41:39'),
('P217', 'CastinPlace', '1.jpg', 1, '2018-08-12 01:41:39'),
('P217', 'CastinPlace', '2.jpg', 2, '2018-08-12 01:41:39'),
('P217', 'CastinPlace', '3.jpg', 3, '2018-08-12 01:41:39'),
('P216', 'CastinPlace', '1.jpg', 1, '2018-08-12 01:41:39'),
('P216', 'CastinPlace', '2.jpg', 2, '2018-08-12 01:41:39'),
('P216', 'CastinPlace', '3.jpg', 3, '2018-08-12 01:41:39'),
('P215', 'CastinPlace', '1.jpg', 1, '2018-08-12 01:41:39'),
('P215', 'CastinPlace', '2.jpg', 2, '2018-08-12 01:41:39'),
('P215', 'CastinPlace', '3.jpg', 3, '2018-08-12 01:41:39'),
('P214', 'CastinPlace', '1.jpg', 1, '2018-08-12 01:41:39'),
('P214', 'CastinPlace', '2.jpg', 2, '2018-08-12 01:41:39'),
('P214', 'CastinPlace', '3.jpg', 3, '2018-08-12 01:41:39'),
('P213', 'CastinPlace', '1.jpg', 1, '2018-08-12 01:41:39'),
('P213', 'CastinPlace', '2.jpg', 2, '2018-08-12 01:41:39'),
('P212', 'CastinPlace', '1.jpg', 1, '2018-08-12 01:41:39'),
('P212', 'CastinPlace', '2.jpg', 2, '2018-08-12 01:41:39'),
('P212', 'CastinPlace', '3.jpg', 3, '2018-08-12 01:41:39'),
('P211', 'CastinPlace', '1.jpg', 1, '2018-08-12 01:41:39'),
('P211', 'CastinPlace', '2.jpg', 2, '2018-08-12 01:41:39'),
('P211', 'CastinPlace', '3.jpg', 3, '2018-08-12 01:41:39'),
('P210', 'CastinPlace', '1.jpg', 1, '2018-08-12 01:41:39'),
('P210', 'CastinPlace', '2.jpg', 2, '2018-08-12 01:41:39'),
('P210', 'CastinPlace', '3.jpg', 3, '2018-08-12 01:41:39'),
('P209', 'CastinPlace', '1.jpg', 1, '2018-08-12 01:41:39'),
('P209', 'CastinPlace', '2.jpg', 2, '2018-08-12 01:41:39'),
('P209', 'CastinPlace', '3.jpg', 3, '2018-08-12 01:41:39'),
('P208', 'CastinPlace', '1.jpg', 1, '2018-08-12 01:41:39'),
('P208', 'CastinPlace', '2.jpg', 2, '2018-08-12 01:41:39'),
('P208', 'CastinPlace', '3.jpg', 3, '2018-08-12 01:41:39'),
('P207', 'CastinPlace', '1.jpg', 1, '2018-08-12 01:41:39'),
('P207', 'CastinPlace', '2.jpg', 2, '2018-08-12 01:41:39'),
('P207', 'CastinPlace', '3.jpg', 3, '2018-08-12 01:41:39'),
('P206', 'CastinPlace', '1.jpg', 1, '2018-08-12 01:41:39'),
('P206', 'CastinPlace', '2.jpg', 2, '2018-08-12 01:41:39'),
('P206', 'CastinPlace', '3.jpg', 3, '2018-08-12 01:41:39'),
('P205', 'CastinPlace', '1.jpg', 1, '2018-08-12 01:41:39'),
('P205', 'CastinPlace', '2.jpg', 2, '2018-08-12 01:41:39'),
('P205', 'CastinPlace', '3.jpg', 3, '2018-08-12 01:41:39'),
('P204', 'CastinPlace', '1.jpg', 1, '2018-08-12 01:41:39'),
('P204', 'CastinPlace', '2.jpg', 2, '2018-08-12 01:41:39'),
('P204', 'CastinPlace', '3.jpg', 3, '2018-08-12 01:41:39'),
('P203', 'CastinPlace', '1.jpg', 1, '2018-08-12 01:41:39'),
('P203', 'CastinPlace', '2.jpg', 2, '2018-08-12 01:41:39'),
('P203', 'CastinPlace', '3.jpg', 3, '2018-08-12 01:41:39'),
('P202', 'CastinPlace', '1.jpg', 1, '2018-08-12 01:41:39'),
('P202', 'CastinPlace', '2.jpg', 2, '2018-08-12 01:41:39'),
('P202', 'CastinPlace', '3.jpg', 3, '2018-08-12 01:41:39'),
('P201', 'CastinPlace', '1.jpg', 1, '2018-08-12 01:41:39'),
('P201', 'CastinPlace', '2.jpg', 2, '2018-08-12 01:41:39'),
('P201', 'CastinPlace', '3.jpg', 3, '2018-08-12 01:41:39'),
('P278-MD', 'CastinPlace', '1.jpg', 1, '2018-08-14 21:44:58'),
('P278-MD', 'CastinPlace', '2.jpg', 2, '2018-08-14 21:44:58'),
('P278-MD', 'CastinPlace', '3.jpg', 3, '2018-08-14 21:44:58'),
('P313', 'CastinPlace', '1.jpg', 1, '2018-08-14 21:47:38'),
('P313', 'CastinPlace', '2.jpg', 2, '2018-08-14 21:47:38'),
('P313', 'CastinPlace', '3.jpg', 3, '2018-08-14 21:47:38'),
('P323', 'CastinPlace', '1.jpg', 1, '2018-08-14 21:47:38'),
('P323', 'CastinPlace', '2.jpg', 2, '2018-08-14 21:47:39'),
('P323', 'CastinPlace', '3.jpg', 3, '2018-08-14 21:47:39'),
('P336', 'CastinPlace', 'P336138.jpeg', 1, '2018-08-15 17:14:57'),
('P336', 'CastinPlace', 'P336280.jpeg', 2, '2018-08-15 17:14:57'),
('P336', 'CastinPlace', 'P336371.jpeg', 3, '2018-08-15 17:14:57'),
('P084.2', '', 'P084.2374.jpeg', 3, '2018-08-15 23:05:22');

-- --------------------------------------------------------

--
-- Table structure for table `home_success`
--

CREATE TABLE `home_success` (
  `home_success_id` int(11) NOT NULL,
  `name_pic` text NOT NULL,
  `date` datetime NOT NULL DEFAULT CURRENT_TIMESTAMP
) ENGINE=InnoDB DEFAULT CHARSET=latin1;

--
-- Dumping data for table `home_success`
--

INSERT INTO `home_success` (`home_success_id`, `name_pic`, `date`) VALUES
(1, '1.jpg', '2018-08-13 04:29:09'),
(2, '2.jpg', '2018-08-13 04:29:09'),
(3, '3.jpg', '2018-08-13 04:29:34'),
(4, '4.jpg', '2018-08-13 04:29:34'),
(5, '5.jpg', '2018-08-13 04:29:34'),
(6, '6.jpg', '2018-08-13 04:29:34'),
(7, '7.jpg', '2018-08-13 04:29:34'),
(8, '8.jpg', '2018-08-13 04:29:34'),
(9, '9.jpg', '2018-08-13 04:32:09'),
(10, '10.jpg', '2018-08-13 04:32:09'),
(11, '11.jpg', '2018-08-13 04:32:09'),
(12, '12.jpg', '2018-08-13 04:32:09'),
(13, '13.jpg', '2018-08-13 04:32:09'),
(14, '14.jpg', '2018-08-13 04:32:09'),
(15, '15.jpg', '2018-08-13 04:32:09'),
(16, '16.jpg', '2018-08-13 04:32:09'),
(18, '18.jpg', '2018-08-13 04:32:09'),
(19, '19.jpg', '2018-08-13 04:32:09'),
(23, '23.jpg', '2018-08-13 04:32:09'),
(24, '24.jpg', '2018-08-13 04:32:09'),
(25, '25.jpg', '2018-08-13 04:32:09'),
(26, '26.jpg', '2018-08-13 04:32:09'),
(27, '27.jpg', '2018-08-13 04:32:09'),
(28, '28.jpg', '2018-08-13 04:32:09'),
(29, '29.jpg', '2018-08-13 04:32:09'),
(30, '30.jpg', '2018-08-13 04:32:09'),
(31, '31.jpg', '2018-08-13 04:32:09');

-- --------------------------------------------------------

--
-- Table structure for table `pageview`
--

CREATE TABLE `pageview` (
  `page_id` int(11) NOT NULL,
  `page` text NOT NULL,
  `userip` text NOT NULL,
  `enter_time` datetime NOT NULL DEFAULT CURRENT_TIMESTAMP
) ENGINE=MyISAM DEFAULT CHARSET=utf8;

--
-- Dumping data for table `pageview`
--

INSERT INTO `pageview` (`page_id`, `page`, `userip`, `enter_time`) VALUES
(6, 'happyhome', '::1', '2018-08-15 20:28:19'),
(9, 'N010', '::1', '2018-08-14 22:01:50'),
(10, 'P313.1', '::1', '2018-08-14 21:44:54'),
(11, 'N004', '::1', '2018-08-13 20:51:38'),
(12, 'N012', '::1', '2018-08-11 18:58:02'),
(13, 'N018', '::1', '2018-08-13 19:16:45'),
(14, 'N011', '::1', '2018-08-15 15:39:07'),
(15, 'P354', '::1', '2018-08-14 15:08:07'),
(16, 'P252.1', '::1', '2018-08-14 15:30:35'),
(17, 'P355', '::1', '2018-08-14 16:52:56'),
(18, 'P022', '::1', '2018-08-14 17:02:23'),
(19, 'P026', '::1', '2018-08-14 17:03:38'),
(20, 'P323', '::1', '2018-08-14 19:09:31'),
(21, 'P356', '::1', '2018-08-14 20:03:28'),
(22, 'N005', '::1', '2018-08-14 21:38:43'),
(23, 'P313', '::1', '2018-08-15 16:09:34'),
(24, 'P285-MD', '::1', '2018-08-15 17:06:26'),
(25, 'P336', '::1', '2018-08-15 17:15:28'),
(26, 'P219', '::1', '2018-08-15 17:19:44'),
(27, 'P084.2', '::1', '2018-08-15 23:04:30');

-- --------------------------------------------------------

--
-- Table structure for table `pro_news`
--

CREATE TABLE `pro_news` (
  `pro_news_id` int(11) NOT NULL,
  `title` text NOT NULL,
  `subtitle` text NOT NULL,
  `maintype` varchar(20) NOT NULL,
  `pro_news_date` datetime NOT NULL DEFAULT CURRENT_TIMESTAMP
) ENGINE=InnoDB DEFAULT CHARSET=utf8;

--
-- Dumping data for table `pro_news`
--

INSERT INTO `pro_news` (`pro_news_id`, `title`, `subtitle`, `maintype`, `pro_news_date`) VALUES
(1, 'สร้างบ้านแถมรถ', 'ได้ทั้งบ้านและรถ จาก บริษัท แฮปปี้โฮม บิวเดอร์ จำกัด\r\n', 'pro', '2018-08-14 04:25:11'),
(2, 'แถมสระว่ายน้ำ', 'ได้ทั้งบ้านและสระว่ายน้ำ จาก บริษัท แฮปปี้โฮม บิวเดอร์ จำกัด', 'pro', '2018-08-14 04:27:55'),
(3, ' บรรยากาศในงานบ้านและสวน', ' บรรยากาศในงานบ้านและสวน  บรรยากาศในงานบ้านและสวน  บรรยากาศในงานบ้านและสวน  บรรยากาศในงานบ้านและสวน', 'news', '2018-08-14 05:13:05'),
(4, 'แบบบ้านลด 30 %', '', 'pro', '2018-08-16 04:16:18');

-- --------------------------------------------------------

--
-- Table structure for table `pro_news_detail`
--

CREATE TABLE `pro_news_detail` (
  `pro_news_id` int(11) NOT NULL,
  `type` varchar(30) NOT NULL,
  `name` text NOT NULL,
  `show_order_pic` int(11) NOT NULL
) ENGINE=InnoDB DEFAULT CHARSET=latin1;

--
-- Dumping data for table `pro_news_detail`
--

INSERT INTO `pro_news_detail` (`pro_news_id`, `type`, `name`, `show_order_pic`) VALUES
(1, 'homedesign', 'P313.1', 0),
(1, 'homedesign', 'P346', 0),
(1, 'homedesign', 'P252.1', 0),
(2, 'homedesign', 'P323', 0),
(2, 'homedesign', 'P274', 0),
(2, 'homedesign', 'P354', 0),
(3, 'img', '115.jpeg', 1),
(3, 'img', '1293.jpeg', 0),
(3, 'img', '1345.jpeg', 0),
(3, 'img', '1470.jpeg', 0),
(3, 'img', '1540.jpeg', 0),
(3, 'img', '1679.jpeg', 0),
(3, 'img', '1792.jpeg', 0),
(3, 'img', '1844.jpeg', 0),
(3, 'img', '1910.jpeg', 0),
(3, 'img', '2062.jpeg', 0),
(1, 'homedesign', 'P313', 0),
(1, 'homedesign', 'P084.2', 0),
(1, 'homedesign', 'P084LL-MD', 0),
(1, 'homedesign', 'P247M-MD', 0),
(1, 'homedesign', 'P252-MD', 0),
(1, 'homedesign', 'P262-MD', 0),
(1, 'img', '135.jpeg', 1),
(2, 'img', '125.jpeg', 1),
(2, 'homedesign', 'P279-MD', 0),
(2, 'homedesign', 'P282-MD', 0),
(2, 'homedesign', 'P292-MD', 0),
(2, 'homedesign', 'P355', 0),
(4, 'img', '225.jpeg', 1),
(4, 'img', '226.jpeg', 2),
(4, 'homedesign', 'P238-MD', 0),
(4, 'homedesign', 'P289', 0),
(4, 'homedesign', 'P296', 0),
(4, 'homedesign', 'P299', 0),
(4, 'homedesign', 'P305', 0),
(4, 'homedesign', 'P306', 0),
(4, 'homedesign', 'P310', 0),
(4, 'homedesign', 'P316', 0),
(4, 'homedesign', 'P318', 0),
(4, 'homedesign', 'P321', 0),
(4, 'homedesign', 'P322', 0),
(4, 'homedesign', 'P328', 0),
(4, 'homedesign', 'P347', 0),
(4, 'homedesign', 'P888-MD', 0),
(4, 'homedesign', 'P231-MD', 0),
(4, 'homedesign', 'P231.1', 0),
(4, 'homedesign', 'P231.2', 0),
(4, 'homedesign', 'P251-MD', 0),
(4, 'homedesign', 'P257-MD', 0),
(4, 'homedesign', 'P258-MD', 0),
(4, 'homedesign', 'P259-MD', 0),
(4, 'homedesign', 'P260-MD', 0),
(4, 'homedesign', 'P261-MD', 0),
(4, 'homedesign', 'P261.1', 0),
(4, 'homedesign', 'P272-MD', 0),
(4, 'homedesign', 'P276-MD', 0),
(4, 'homedesign', 'P278-MD', 0),
(4, 'homedesign', 'P287-MD', 0);

-- --------------------------------------------------------

--
-- Table structure for table `totalview`
--

CREATE TABLE `totalview` (
  `id` int(11) NOT NULL,
  `page` text NOT NULL,
  `totalvisit` text NOT NULL
) ENGINE=MyISAM DEFAULT CHARSET=utf8;

--
-- Dumping data for table `totalview`
--

INSERT INTO `totalview` (`id`, `page`, `totalvisit`) VALUES
(1, 'happyhome', '15'),
(3, 'N010', '3'),
(4, 'P313.1', '3'),
(5, 'N004', '2'),
(6, 'N012', '1'),
(7, 'N018', '2'),
(8, 'N011', '2'),
(9, 'P354', '1'),
(10, 'P252.1', '1'),
(11, 'P355', '1'),
(12, 'P022', '1'),
(13, 'P026', '1'),
(14, 'P323', '1'),
(15, 'P356', '1'),
(16, 'N005', '1'),
(17, 'P313', '1'),
(18, 'P285-MD', '1'),
(19, 'P336', '1'),
(20, 'P219', '1'),
(21, 'P084.2', '1');

--
-- Indexes for dumped tables
--

--
-- Indexes for table `content`
--
ALTER TABLE `content`
  ADD PRIMARY KEY (`content_id`);

--
-- Indexes for table `home_success`
--
ALTER TABLE `home_success`
  ADD PRIMARY KEY (`home_success_id`);

--
-- Indexes for table `pageview`
--
ALTER TABLE `pageview`
  ADD PRIMARY KEY (`page_id`);

--
-- Indexes for table `pro_news`
--
ALTER TABLE `pro_news`
  ADD PRIMARY KEY (`pro_news_id`);

--
-- Indexes for table `totalview`
--
ALTER TABLE `totalview`
  ADD PRIMARY KEY (`id`);

--
-- AUTO_INCREMENT for dumped tables
--

--
-- AUTO_INCREMENT for table `content`
--
ALTER TABLE `content`
  MODIFY `content_id` int(10) NOT NULL AUTO_INCREMENT, AUTO_INCREMENT=6;

--
-- AUTO_INCREMENT for table `home_success`
--
ALTER TABLE `home_success`
  MODIFY `home_success_id` int(11) NOT NULL AUTO_INCREMENT, AUTO_INCREMENT=32;

--
-- AUTO_INCREMENT for table `pageview`
--
ALTER TABLE `pageview`
  MODIFY `page_id` int(11) NOT NULL AUTO_INCREMENT, AUTO_INCREMENT=28;

--
-- AUTO_INCREMENT for table `pro_news`
--
ALTER TABLE `pro_news`
  MODIFY `pro_news_id` int(11) NOT NULL AUTO_INCREMENT, AUTO_INCREMENT=5;

--
-- AUTO_INCREMENT for table `totalview`
--
ALTER TABLE `totalview`
  MODIFY `id` int(11) NOT NULL AUTO_INCREMENT, AUTO_INCREMENT=22;
COMMIT;

/*!40101 SET CHARACTER_SET_CLIENT=@OLD_CHARACTER_SET_CLIENT */;
/*!40101 SET CHARACTER_SET_RESULTS=@OLD_CHARACTER_SET_RESULTS */;
/*!40101 SET COLLATION_CONNECTION=@OLD_COLLATION_CONNECTION */;
